ct_uid,ct_name,municipality_code,municipality_name,apciq_sector_number,population_weight,population_in_sector,tract_population,weight_basis,assignment_method,neighbourhood_names,tract_is_shared,includes_corrected_point
4620430.00,0430.00,66087,Dorval,1,1.000000,7238,7238,population,borough_code,,False,False
4620431.00,0431.00,66087,Dorval,1,1.000000,5443,5443,population,borough_code,,False,False
4620432.00,0432.00,66087,Dorval,1,1.000000,3134,3134,population,borough_code,,False,False
4620433.00,0433.00,66087,Dorval,1,1.000000,3487,3487,population,borough_code,,False,False
4620440.00,0440.00,66092,L'Île-Dorval,1,1.000000,30,30,population,borough_code,,False,False
4620450.00,0450.00,66097,Pointe-Claire,1,1.000000,7140,7140,population,borough_code,,False,False
4620451.00,0451.00,66097,Pointe-Claire,1,1.000000,6986,6986,population,borough_code,,False,False
4620452.00,0452.00,66097,Pointe-Claire,1,1.000000,8886,8886,population,borough_code,,False,False
4620453.01,0453.01,66097,Pointe-Claire,1,1.000000,5543,5543,population,borough_code,,False,False
4620453.02,0453.02,66097,Pointe-Claire,1,1.000000,4933,4933,population,borough_code,,False,False
4620460.00,0460.00,66107,Beaconsfield,1,1.000000,5367,5367,population,borough_code,,False,False
4620461.00,0461.00,66107,Beaconsfield,1,1.000000,2926,2926,population,borough_code,,False,False
4620462.01,0462.01,66107,Beaconsfield,1,1.000000,5148,5148,population,borough_code,,False,False
4620462.02,0462.02,66107,Beaconsfield,1,1.000000,5836,5836,population,borough_code,,False,False
4620480.00,0480.00,66112,Baie-D'Urfé,1,1.000000,3764,3764,population,borough_code,,False,False
4620490.00,0490.00,66117,Sainte-Anne-de-Bellevue,1,1.000000,2532,2532,population,borough_code,,False,False
4620491.00,0491.00,66117,Sainte-Anne-de-Bellevue,1,1.000000,2495,2495,population,borough_code,,False,False
4620500.00,0500.00,66127,Senneville,1,1.000000,951,951,population,borough_code,,False,False
4620470.01,0470.01,66102,Kirkland,2,1.000000,7022,7022,population,borough_code,,False,False
4620470.03,0470.03,66102,Kirkland,2,1.000000,4907,4907,population,borough_code,,False,False
4620470.04,0470.04,66102,Kirkland,2,1.000000,3487,3487,population,borough_code,,False,False
4620470.05,0470.05,66102,Kirkland,2,1.000000,3997,3997,population,borough_code,,False,False
4620511.01,0511.01,66023,Montréal,2,1.000000,3325,3325,population,borough_code,,False,False
4620511.02,0511.02,66023,Montréal,2,0.928604,6191,6667,population,borough_code,,True,False
4620512.02,0512.02,66023,Montréal,2,1.000000,4568,4568,population,borough_code,,False,False
4620512.03,0512.03,66023,Montréal,2,1.000000,2552,2552,population,borough_code,,False,False
4620512.04,0512.04,66023,Montréal,2,1.000000,6579,6579,population,borough_code,,False,False
4620513.01,0513.01,66023,Montréal,2,1.000000,5002,5002,population,borough_code,,False,False
4620513.02,0513.02,66023,Montréal,2,1.000000,4581,4581,population,borough_code,,False,False
4620514.01,0514.01,66023,Montréal,2,1.000000,6896,6896,population,borough_code,,False,False
4620514.02,0514.02,66023,Montréal,2,1.000000,6132,6132,population,borough_code,,False,False
4620515.01,0515.01,66023,Montréal,2,1.000000,6413,6413,population,borough_code,,False,False
4620515.02,0515.02,66023,Montréal,2,1.000000,4376,4376,population,borough_code,,False,False
4620515.03,0515.03,66023,Montréal,2,1.000000,3453,3453,population,borough_code,,False,False
4620515.04,0515.04,66023,Montréal,2,1.000000,3708,3708,population,borough_code,,False,False
4620520.02,0520.02,66142,Dollard-Des Ormeaux,2,1.000000,7112,7112,population,borough_code,,False,False
4620520.03,0520.03,66142,Dollard-Des Ormeaux,2,1.000000,3764,3764,population,borough_code,,False,False
4620520.04,0520.04,66142,Dollard-Des Ormeaux,2,1.000000,4638,4638,population,borough_code,,False,False
4620521.01,0521.01,66142,Dollard-Des Ormeaux,2,1.000000,4857,4857,population,borough_code,,False,False
4620521.04,0521.04,66142,Dollard-Des Ormeaux,2,1.000000,4768,4768,population,borough_code,,False,False
4620521.05,0521.05,66142,Dollard-Des Ormeaux,2,1.000000,4587,4587,population,borough_code,,False,False
4620521.06,0521.06,66142,Dollard-Des Ormeaux,2,1.000000,5147,5147,population,borough_code,,False,False
4620521.07,0521.07,66142,Dollard-Des Ormeaux,2,1.000000,4070,4070,population,borough_code,,False,False
4620522.01,0522.01,66142,Dollard-Des Ormeaux,2,1.000000,3464,3464,population,borough_code,,False,False
4620522.02,0522.02,66142,Dollard-Des Ormeaux,2,1.000000,3506,3506,population,borough_code,,False,False
4620523.00,0523.00,66142,Dollard-Des Ormeaux,2,1.000000,2490,2490,population,borough_code,,False,False
4620530.00,0530.00,66023,Montréal,2,1.000000,6130,6130,population,borough_code,,False,False
4620540.00,0540.00,66023,Montréal,2,1.000000,3969,3969,population,borough_code,,False,False
4620550.02,0550.02,66023,Montréal,2,1.000000,3327,3327,population,borough_code,,False,False
4620550.03,0550.03,66023,Montréal,2,1.000000,6780,6780,population,borough_code,,False,False
4620550.04,0550.04,66023,Montréal,2,1.000000,4809,4809,population,borough_code,,False,False
4620320.00,0320.00,66023,Montréal,3,1.000000,4814,4814,population,borough_code,,False,False
4620321.00,0321.00,66023,Montréal,3,1.000000,2918,2918,population,borough_code,,False,False
4620322.02,0322.02,66023,Montréal,3,1.000000,3840,3840,population,borough_code,,False,False
4620322.03,0322.03,66023,Montréal,3,1.000000,4936,4936,population,borough_code,,False,False
4620322.04,0322.04,66023,Montréal,3,1.000000,3357,3357,population,borough_code,,False,False
4620323.00,0323.00,66023,Montréal,3,1.000000,3118,3118,population,borough_code,,False,False
4620324.01,0324.01,66023,Montréal,3,1.000000,4734,4734,population,borough_code,,False,False
4620324.02,0324.02,66023,Montréal,3,1.000000,2894,2894,population,borough_code,,False,False
4620325.01,0325.01,66023,Montréal,3,1.000000,3818,3818,population,borough_code,,False,False
4620325.02,0325.02,66023,Montréal,3,1.000000,6728,6728,population,borough_code,,False,False
4620325.03,0325.03,66023,Montréal,3,1.000000,3758,3758,population,borough_code,,False,False
4620325.05,0325.05,66023,Montréal,3,1.000000,9824,9824,population,borough_code,,False,False
4620325.06,0325.06,66023,Montréal,3,1.000000,4838,4838,population,borough_code,,False,False
4620326.01,0326.01,66023,Montréal,3,1.000000,2894,2894,population,borough_code,,False,False
4620326.02,0326.02,66023,Montréal,3,1.000000,3778,3778,population,borough_code,,False,False
4620326.03,0326.03,66023,Montréal,3,1.000000,5000,5000,population,borough_code,,False,False
4620327.00,0327.00,66023,Montréal,3,1.000000,4891,4891,population,borough_code,,False,False
4620328.00,0328.00,66023,Montréal,3,1.000000,1874,1874,population,borough_code,,False,False
4620329.00,0329.00,66023,Montréal,3,1.000000,4221,4221,population,borough_code,,False,False
4620330.00,0330.00,66023,Montréal,3,1.000000,5484,5484,population,borough_code,,False,False
4620390.00,0390.00,66023,Montréal,3,1.000000,1603,1603,population,borough_code,,False,False
4620391.00,0391.00,66023,Montréal,3,1.000000,1739,1739,population,borough_code,,False,False
4620392.00,0392.00,66023,Montréal,3,1.000000,1587,1587,population,borough_code,,False,False
4620393.00,0393.00,66023,Montréal,3,1.000000,6929,6929,population,borough_code,,False,False
4620394.00,0394.00,66023,Montréal,3,1.000000,4156,4156,population,borough_code,,False,False
4620395.01,0395.01,66023,Montréal,3,1.000000,2754,2754,population,borough_code,,False,False
4620395.02,0395.02,66023,Montréal,3,1.000000,6861,6861,population,borough_code,,False,False
4620395.03,0395.03,66023,Montréal,3,1.000000,4782,4782,population,borough_code,,False,False
4620396.00,0396.00,66023,Montréal,3,1.000000,6553,6553,population,borough_code,,False,False
4620397.00,0397.00,66023,Montréal,3,1.000000,3980,3980,population,borough_code,,False,False
4620067.00,0067.00,66023,Montréal,4,1.000000,1839,1839,population,borough_code,,False,False
4620068.00,0068.00,66023,Montréal,4,1.000000,1901,1901,population,borough_code,,False,False
4620069.02,0069.02,66023,Montréal,4,1.000000,4206,4206,population,borough_code,,False,False
4620070.02,0070.02,66023,Montréal,4,1.000000,5908,5908,population,borough_code,,False,False
4620071.00,0071.00,66023,Montréal,4,1.000000,0,0,dissemination_area_count,borough_code,,False,False
4620072.00,0072.00,66023,Montréal,4,1.000000,3634,3634,population,borough_code,,False,False
4620073.00,0073.00,66023,Montréal,4,1.000000,1936,1936,population,borough_code,,False,False
4620074.00,0074.00,66023,Montréal,4,1.000000,3631,3631,population,borough_code,,False,False
4620075.00,0075.00,66023,Montréal,4,1.000000,2675,2675,population,borough_code,,False,False
4620076.00,0076.00,66023,Montréal,4,1.000000,3305,3305,population,borough_code,,False,False
4620077.00,0077.00,66023,Montréal,4,1.000000,4025,4025,population,borough_code,,False,False
4620078.00,0078.00,66023,Montréal,4,1.000000,3955,3955,population,borough_code,,False,False
4620079.00,0079.00,66023,Montréal,4,1.000000,4579,4579,population,borough_code,,False,False
4620080.00,0080.00,66023,Montréal,4,1.000000,782,782,population,borough_code,,False,False
4620081.00,0081.00,66023,Montréal,4,1.000000,3553,3553,population,borough_code,,False,False
4620082.00,0082.00,66023,Montréal,4,1.000000,2186,2186,population,borough_code,,False,False
4620083.00,0083.00,66023,Montréal,4,1.000000,3406,3406,population,borough_code,,False,False
4620084.00,0084.00,66023,Montréal,4,1.000000,2793,2793,population,borough_code,,False,False
4620085.00,0085.00,66023,Montréal,4,1.000000,747,747,population,borough_code,,False,False
4620086.00,0086.00,66023,Montréal,4,1.000000,3934,3934,population,borough_code,,False,False
4620087.00,0087.00,66023,Montréal,4,1.000000,3221,3221,population,borough_code,,False,False
4620088.00,0088.00,66023,Montréal,4,1.000000,3585,3585,population,borough_code,,False,False
4620089.00,0089.00,66023,Montréal,4,1.000000,4916,4916,population,borough_code,,False,False
4620090.00,0090.00,66023,Montréal,4,1.000000,4589,4589,population,borough_code,,False,False
4620091.00,0091.00,66023,Montréal,4,1.000000,0,0,dissemination_area_count,borough_code,,False,False
4620092.00,0092.00,66023,Montréal,4,1.000000,5984,5984,population,borough_code,,False,False
4620093.00,0093.00,66023,Montréal,4,1.000000,3253,3253,population,borough_code,,False,False
4620094.02,0094.02,66023,Montréal,4,1.000000,10,10,population,borough_code,,False,False
4620300.00,0300.00,66023,Montréal,4,1.000000,2797,2797,population,neighbourhood_polygon,Verdun-Centre,False,False
4620301.00,0301.00,66023,Montréal,4,1.000000,5191,5191,population,neighbourhood_polygon,Verdun-Centre,False,False
4620302.00,0302.00,66023,Montréal,4,1.000000,2923,2923,population,neighbourhood_polygon,Verdun-Centre,False,False
4620303.00,0303.00,66023,Montréal,4,1.000000,2376,2376,population,neighbourhood_polygon,Verdun-Centre,False,False
4620304.00,0304.00,66023,Montréal,4,1.000000,3191,3191,population,neighbourhood_polygon,Verdun-Centre,False,False
4620305.00,0305.00,66023,Montréal,4,1.000000,3973,3973,population,neighbourhood_polygon,Verdun-Centre,False,False
4620306.00,0306.00,66023,Montréal,4,1.000000,2781,2781,population,neighbourhood_polygon,Verdun-Centre,False,False
4620307.00,0307.00,66023,Montréal,4,1.000000,3032,3032,population,neighbourhood_polygon,Verdun-Centre,False,False
4620308.00,0308.00,66023,Montréal,4,1.000000,2688,2688,population,neighbourhood_polygon,Verdun-Centre,False,False
4620309.00,0309.00,66023,Montréal,4,1.000000,1352,1352,population,neighbourhood_polygon,Verdun-Centre,False,False
4620310.00,0310.00,66023,Montréal,4,1.000000,3393,3393,population,neighbourhood_polygon,Desmarchais-Crawford,False,False
4620311.00,0311.00,66023,Montréal,4,1.000000,4092,4092,population,neighbourhood_polygon,Desmarchais-Crawford,False,False
4620312.00,0312.00,66023,Montréal,4,1.000000,3162,3162,population,neighbourhood_polygon,Desmarchais-Crawford,False,False
4620313.00,0313.00,66023,Montréal,4,1.000000,3221,3221,population,neighbourhood_polygon,Desmarchais-Crawford,False,False
4620314.00,0314.00,66023,Montréal,4,1.000000,2448,2448,population,neighbourhood_polygon,Desmarchais-Crawford,False,False
4620315.00,0315.00,66023,Montréal,4,1.000000,15,15,population,neighbourhood_polygon,Desmarchais-Crawford,False,False
4620316.00,0316.00,66023,Montréal,4,1.000000,2174,2174,population,neighbourhood_polygon,Desmarchais-Crawford,False,False
4620410.01,0410.01,66023,Montréal,5,1.000000,5529,5529,population,borough_code,,False,False
4620410.02,0410.02,66023,Montréal,5,1.000000,6013,6013,population,borough_code,,False,False
4620410.03,0410.03,66023,Montréal,5,1.000000,1756,1756,population,borough_code,,False,False
4620412.00,0412.00,66023,Montréal,5,1.000000,7061,7061,population,borough_code,,False,False
4620413.01,0413.01,66023,Montréal,5,1.000000,3760,3760,population,borough_code,,False,False
4620413.02,0413.02,66023,Montréal,5,1.000000,4048,4048,population,borough_code,,False,False
4620415.03,0415.03,66023,Montréal,5,1.000000,4011,4011,population,borough_code,,False,False
4620415.04,0415.04,66023,Montréal,5,1.000000,5458,5458,population,borough_code,,False,False
4620415.07,0415.07,66023,Montréal,5,1.000000,7568,7568,population,borough_code,,False,False
4620415.08,0415.08,66023,Montréal,5,1.000000,2686,2686,population,borough_code,,False,False
4620415.09,0415.09,66023,Montréal,5,1.000000,3033,3033,population,borough_code,,False,False
4620415.10,0415.10,66023,Montréal,5,1.000000,5297,5297,population,borough_code,,False,False
4620416.01,0416.01,66023,Montréal,5,1.000000,4000,4000,population,borough_code,,False,False
4620416.02,0416.02,66023,Montréal,5,1.000000,3329,3329,population,borough_code,,False,False
4620417.01,0417.01,66023,Montréal,5,1.000000,5046,5046,population,borough_code,,False,False
4620417.02,0417.02,66023,Montréal,5,1.000000,2748,2748,population,borough_code,,False,False
4620418.00,0418.00,66023,Montréal,5,1.000000,5704,5704,population,borough_code,,False,False
4620419.00,0419.00,66023,Montréal,5,1.000000,4786,4786,population,borough_code,,False,False
4620420.00,0420.00,66023,Montréal,5,1.000000,5114,5114,population,borough_code,,False,False
4620421.03,0421.03,66023,Montréal,5,1.000000,2948,2948,population,borough_code,,False,False
4620421.04,0421.04,66023,Montréal,5,1.000000,4407,4407,population,borough_code,,False,False
4620421.05,0421.05,66023,Montréal,5,1.000000,2339,2339,population,borough_code,,False,False
4620421.06,0421.06,66023,Montréal,5,1.000000,5463,5463,population,borough_code,,False,False
4620511.02,0511.02,66023,Montréal,5,0.071396,476,6667,population,borough_code,,True,False
4620264.01,0264.01,66023,Montréal,6,1.000000,5369,5369,population,borough_code,,False,False
4620264.02,0264.02,66023,Montréal,6,1.000000,5432,5432,population,borough_code,,False,False
4620265.00,0265.00,66023,Montréal,6,1.000000,4561,4561,population,borough_code,,False,False
4620266.00,0266.00,66023,Montréal,6,1.000000,3195,3195,population,borough_code,,False,False
4620267.00,0267.00,66023,Montréal,6,1.000000,6463,6463,population,borough_code,,False,False
4620268.01,0268.01,66023,Montréal,6,1.000000,6525,6525,population,borough_code,,False,False
4620268.02,0268.02,66023,Montréal,6,1.000000,6170,6170,population,borough_code,,False,False
4620268.03,0268.03,66023,Montréal,6,1.000000,489,489,population,borough_code,,False,False
4620269.00,0269.00,66023,Montréal,6,1.000000,4521,4521,population,borough_code,,False,False
4620270.00,0270.00,66023,Montréal,6,1.000000,4739,4739,population,borough_code,,False,False
4620271.00,0271.00,66023,Montréal,6,1.000000,3477,3477,population,borough_code,,False,False
4620272.00,0272.00,66023,Montréal,6,1.000000,3715,3715,population,borough_code,,False,False
4620273.00,0273.00,66023,Montréal,6,1.000000,4752,4752,population,borough_code,,False,False
4620274.00,0274.00,66023,Montréal,6,1.000000,3133,3133,population,borough_code,,False,False
4620275.00,0275.00,66023,Montréal,6,1.000000,4158,4158,population,borough_code,,False,False
4620276.00,0276.00,66023,Montréal,6,1.000000,5123,5123,population,borough_code,,False,False
4620277.00,0277.00,66023,Montréal,6,1.000000,4350,4350,population,borough_code,,False,False
4620278.00,0278.00,66023,Montréal,6,1.000000,4229,4229,population,borough_code,,False,False
4620279.00,0279.00,66023,Montréal,6,1.000000,4954,4954,population,borough_code,,False,False
4620280.00,0280.00,66023,Montréal,6,1.000000,4621,4621,population,borough_code,,False,False
4620281.00,0281.00,66023,Montréal,6,1.000000,3756,3756,population,borough_code,,False,False
4620282.00,0282.00,66023,Montréal,6,1.000000,6549,6549,population,borough_code,,False,False
4620283.01,0283.01,66023,Montréal,6,1.000000,4058,4058,population,borough_code,,False,False
4620283.02,0283.02,66023,Montréal,6,1.000000,2891,2891,population,borough_code,,False,False
4620284.00,0284.00,66023,Montréal,6,1.000000,3489,3489,population,borough_code,,False,False
4620285.00,0285.00,66023,Montréal,6,1.000000,6335,6335,population,borough_code,,False,False
4620286.00,0286.00,66023,Montréal,6,1.000000,5433,5433,population,borough_code,,False,False
4620287.01,0287.01,66023,Montréal,6,1.000000,6636,6636,population,borough_code,,False,False
4620287.02,0287.02,66023,Montréal,6,1.000000,4740,4740,population,borough_code,,False,False
4620288.00,0288.00,66023,Montréal,6,1.000000,1473,1473,population,borough_code,,False,False
4620421.05,0421.05,66023,Montréal,6,0.000000,0,2339,population,borough_code,,False,False
4620094.01,0094.01,66023,Montréal,7,1.000000,6306,6306,population,neighbourhood_polygon,Notre-Dame-de-Grâce,False,False
4620095.00,0095.00,66023,Montréal,7,1.000000,2147,2147,population,neighbourhood_polygon,Notre-Dame-de-Grâce,False,False
4620096.00,0096.00,66023,Montréal,7,1.000000,2370,2370,population,neighbourhood_polygon,Notre-Dame-de-Grâce,False,False
4620097.01,0097.01,66023,Montréal,7,1.000000,6174,6174,population,neighbourhood_polygon,Notre-Dame-de-Grâce,False,False
4620097.02,0097.02,66023,Montréal,7,1.000000,4133,4133,population,neighbourhood_polygon,Notre-Dame-de-Grâce,False,False
4620098.00,0098.00,66023,Montréal,7,1.000000,5466,5466,population,neighbourhood_polygon,Notre-Dame-de-Grâce,False,False
4620099.00,0099.00,66023,Montréal,7,1.000000,5742,5742,population,neighbourhood_polygon,Notre-Dame-de-Grâce,False,False
4620100.01,0100.01,66023,Montréal,7,1.000000,4147,4147,population,neighbourhood_polygon,Notre-Dame-de-Grâce,False,False
4620100.02,0100.02,66023,Montréal,7,1.000000,3442,3442,population,neighbourhood_polygon,Notre-Dame-de-Grâce,False,False
4620101.01,0101.01,66023,Montréal,7,1.000000,4082,4082,population,neighbourhood_polygon,Notre-Dame-de-Grâce,False,False
4620101.02,0101.02,66023,Montréal,7,1.000000,3728,3728,population,neighbourhood_polygon,Notre-Dame-de-Grâce,False,False
4620102.00,0102.00,66023,Montréal,7,1.000000,4254,4254,population,neighbourhood_polygon,Notre-Dame-de-Grâce,False,False
4620103.00,0103.00,66023,Montréal,7,1.000000,2325,2325,population,neighbourhood_polygon,Notre-Dame-de-Grâce,False,False
4620104.00,0104.00,66023,Montréal,7,1.000000,2818,2818,population,neighbourhood_polygon,Notre-Dame-de-Grâce,False,False
4620105.00,0105.00,66023,Montréal,7,1.000000,3425,3425,population,neighbourhood_polygon,Notre-Dame-de-Grâce,False,False
4620106.00,0106.00,66023,Montréal,7,1.000000,2107,2107,population,neighbourhood_polygon,Notre-Dame-de-Grâce,False,False
4620107.00,0107.00,66023,Montréal,7,1.000000,1539,1539,population,neighbourhood_polygon,Notre-Dame-de-Grâce,False,False
4620108.00,0108.00,66023,Montréal,7,1.000000,3947,3947,population,neighbourhood_polygon,Notre-Dame-de-Grâce,False,False
4620340.00,0340.00,66047,Montréal-Ouest,7,1.000000,5115,5115,population,borough_code,,False,False
4620109.00,0109.00,66023,Montréal,8,1.000000,1907,1907,population,neighbourhood_polygon,Côte-des-Neiges,False,False
4620110.00,0110.00,66023,Montréal,8,1.000000,4212,4212,population,neighbourhood_polygon,Côte-des-Neiges,False,False
4620111.00,0111.00,66023,Montréal,8,1.000000,7142,7142,population,neighbourhood_polygon,Côte-des-Neiges,False,False
4620112.01,0112.01,66023,Montréal,8,1.000000,5718,5718,population,neighbourhood_polygon,Côte-des-Neiges,False,False
4620112.02,0112.02,66023,Montréal,8,1.000000,4192,4192,population,neighbourhood_polygon,Côte-des-Neiges,False,False
4620113.00,0113.00,66023,Montréal,8,1.000000,4987,4987,population,neighbourhood_polygon,Côte-des-Neiges,False,False
4620114.00,0114.00,66023,Montréal,8,1.000000,2183,2183,population,neighbourhood_polygon,Côte-des-Neiges,False,False
4620115.01,0115.01,66023,Montréal,8,1.000000,2080,2080,population,neighbourhood_polygon,Côte-des-Neiges,False,False
4620115.02,0115.02,66023,Montréal,8,1.000000,5957,5957,population,neighbourhood_polygon,Côte-des-Neiges,False,False
4620116.00,0116.00,66023,Montréal,8,1.000000,6765,6765,population,neighbourhood_polygon,Côte-des-Neiges,False,False
4620117.00,0117.00,66023,Montréal,8,1.000000,4243,4243,population,neighbourhood_polygon,Côte-des-Neiges,False,False
4620118.00,0118.00,66023,Montréal,8,1.000000,4396,4396,population,neighbourhood_polygon,Côte-des-Neiges,False,False
4620119.00,0119.00,66023,Montréal,8,1.000000,6142,6142,population,neighbourhood_polygon,Côte-des-Neiges,False,False
4620120.01,0120.01,66023,Montréal,8,1.000000,7337,7337,population,neighbourhood_polygon,Côte-des-Neiges,False,False
4620120.02,0120.02,66058,Côte-Saint-Luc,8,1.000000,1114,1114,population,borough_code,,False,False
4620121.00,0121.00,66023,Montréal,8,1.000000,2078,2078,population,neighbourhood_polygon,Côte-des-Neiges,False,False
4620122.00,0122.00,66023,Montréal,8,1.000000,6517,6517,population,neighbourhood_polygon,Côte-des-Neiges,False,False
4620123.00,0123.00,66023,Montréal,8,1.000000,6480,6480,population,neighbourhood_polygon,Côte-des-Neiges,False,False
4620124.00,0124.00,66023,Montréal,8,1.000000,5872,5872,population,neighbourhood_polygon,Côte-des-Neiges,False,False
4620125.00,0125.00,66023,Montréal,8,1.000000,6344,6344,population,neighbourhood_polygon,Côte-des-Neiges,False,False
4620126.00,0126.00,66023,Montréal,8,1.000000,2280,2280,population,neighbourhood_polygon,Côte-des-Neiges,False,False
4620127.01,0127.01,66023,Montréal,8,1.000000,5578,5578,population,neighbourhood_polygon,Côte-des-Neiges,False,False
4620127.02,0127.02,66023,Montréal,8,1.000000,21,21,population,neighbourhood_polygon,Côte-des-Neiges,False,False
4620380.00,0380.00,66058,Côte-Saint-Luc,8,1.000000,4247,4247,population,borough_code,,False,False
4620381.00,0381.00,66058,Côte-Saint-Luc,8,1.000000,6248,6248,population,borough_code,,False,False
4620382.01,0382.01,66058,Côte-Saint-Luc,8,1.000000,4130,4130,population,borough_code,,False,False
4620382.02,0382.02,66058,Côte-Saint-Luc,8,1.000000,4663,4663,population,borough_code,,False,False
4620383.01,0383.01,66058,Côte-Saint-Luc,8,1.000000,3887,3887,population,borough_code,,False,False
4620383.02,0383.02,66058,Côte-Saint-Luc,8,1.000000,8641,8641,population,borough_code,,False,False
4620385.00,0385.00,66058,Côte-Saint-Luc,8,1.000000,1574,1574,population,borough_code,,False,False
4620350.00,0350.00,66032,Westmount,9,1.000000,2594,2594,population,borough_code,,False,False
4620351.00,0351.00,66032,Westmount,9,1.000000,5004,5004,population,borough_code,,False,False
4620352.00,0352.00,66032,Westmount,9,1.000000,2747,2747,population,borough_code,,False,False
4620353.00,0353.00,66032,Westmount,9,1.000000,2873,2873,population,borough_code,,False,False
4620354.00,0354.00,66032,Westmount,9,1.000000,3038,3038,population,borough_code,,False,False
4620355.00,0355.00,66032,Westmount,9,1.000000,1423,1423,population,borough_code,,False,False
4620356.00,0356.00,66032,Westmount,9,1.000000,1979,1979,population,borough_code,,False,False
4620360.00,0360.00,66023,Montréal,9,1.000000,1947,1947,population,borough_code,,False,False
4620361.00,0361.00,66023,Montréal,9,1.000000,1720,1720,population,borough_code,,False,False
4620362.00,0362.00,66023,Montréal,9,1.000000,2308,2308,population,borough_code,,False,False
4620363.00,0363.00,66023,Montréal,9,1.000000,4617,4617,population,borough_code,,False,False
4620364.00,0364.00,66023,Montréal,9,1.000000,3321,3321,population,borough_code,,False,False
4620365.00,0365.00,66023,Montréal,9,1.000000,3263,3263,population,borough_code,,False,False
4620366.00,0366.00,66023,Montréal,9,1.000000,2505,2505,population,borough_code,,False,False
4620367.00,0367.00,66023,Montréal,9,1.000000,4948,4948,population,borough_code,,False,False
4620370.00,0370.00,66062,Hampstead,9,1.000000,7037,7037,population,borough_code,,False,False
4620400.00,0400.00,66072,Mont-Royal,9,1.000000,5412,5412,population,borough_code,,False,False
4620401.00,0401.00,66072,Mont-Royal,9,1.000000,3019,3019,population,borough_code,,False,False
4620402.00,0402.00,66072,Mont-Royal,9,1.000000,1989,1989,population,borough_code,,False,False
4620403.00,0403.00,66072,Mont-Royal,9,1.000000,5474,5474,population,borough_code,,False,False
4620404.00,0404.00,66072,Mont-Royal,9,1.000000,5059,5059,population,borough_code,,False,False
4620317.03,0317.03,66023,Montréal,10,1.000000,4450,4450,population,neighbourhood_polygon,Ile-des-Soeurs,False,False
4620317.05,0317.05,66023,Montréal,10,1.000000,3545,3545,population,neighbourhood_polygon,Ile-des-Soeurs,False,False
4620317.06,0317.06,66023,Montréal,10,1.000000,4943,4943,population,neighbourhood_polygon,Ile-des-Soeurs,False,False
4620317.07,0317.07,66023,Montréal,10,1.000000,5410,5410,population,neighbourhood_polygon,Ile-des-Soeurs,False,False
4620317.08,0317.08,66023,Montréal,10,1.000000,3220,3220,population,neighbourhood_polygon,Ile-des-Soeurs,False,False
4620032.00,0032.00,66023,Montréal,11,1.000000,1497,1497,population,borough_code,,False,False
4620033.00,0033.00,66023,Montréal,11,1.000000,1752,1752,population,borough_code,,False,False
4620034.00,0034.00,66023,Montréal,11,1.000000,2825,2825,population,borough_code,,False,False
4620035.00,0035.00,66023,Montréal,11,1.000000,2015,2015,population,borough_code,,False,False
4620036.00,0036.00,66023,Montréal,11,1.000000,2103,2103,population,borough_code,,False,False
4620037.00,0037.00,66023,Montréal,11,1.000000,3452,3452,population,borough_code,,False,False
4620038.00,0038.00,66023,Montréal,11,1.000000,1976,1976,population,borough_code,,False,False
4620039.00,0039.00,66023,Montréal,11,1.000000,2142,2142,population,borough_code,,False,False
4620040.00,0040.00,66023,Montréal,11,1.000000,0,0,dissemination_area_count,borough_code,,False,False
4620041.00,0041.00,66023,Montréal,11,1.000000,1814,1814,population,borough_code,,False,False
4620042.00,0042.00,66023,Montréal,11,1.000000,1145,1145,population,borough_code,,False,False
4620043.00,0043.00,66023,Montréal,11,1.000000,1385,1385,population,borough_code,,False,False
4620044.00,0044.00,66023,Montréal,11,1.000000,2164,2164,population,borough_code,,False,False
4620045.00,0045.00,66023,Montréal,11,1.000000,1493,1493,population,borough_code,,False,False
4620046.00,0046.00,66023,Montréal,11,1.000000,2143,2143,population,borough_code,,False,False
4620047.00,0047.00,66023,Montréal,11,1.000000,728,728,population,borough_code,,False,False
4620048.00,0048.00,66023,Montréal,11,1.000000,2302,2302,population,borough_code,,False,False
4620049.00,0049.00,66023,Montréal,11,1.000000,1399,1399,population,borough_code,,False,False
4620050.00,0050.00,66023,Montréal,11,1.000000,1364,1364,population,borough_code,,False,False
4620051.00,0051.00,66023,Montréal,11,1.000000,1907,1907,population,borough_code,,False,False
4620052.00,0052.00,66023,Montréal,11,1.000000,2208,2208,population,borough_code,,False,False
4620053.00,0053.00,66023,Montréal,11,1.000000,1385,1385,population,borough_code,,False,False
4620054.00,0054.00,66023,Montréal,11,1.000000,1444,1444,population,borough_code,,False,False
4620055.01,0055.01,66023,Montréal,11,1.000000,5726,5726,population,borough_code,,False,False
4620055.02,0055.02,66023,Montréal,11,1.000000,559,559,population,borough_code,,False,False
4620056.00,0056.00,66023,Montréal,11,1.000000,1963,1963,population,borough_code,,False,False
4620057.00,0057.00,66023,Montréal,11,1.000000,1963,1963,population,borough_code,,False,False
4620058.00,0058.00,66023,Montréal,11,1.000000,1251,1251,population,borough_code,,False,False
4620059.00,0059.00,66023,Montréal,11,1.000000,1428,1428,population,borough_code,,False,False
4620060.00,0060.00,66023,Montréal,11,1.000000,1082,1082,population,borough_code,,False,False
4620061.00,0061.00,66023,Montréal,11,1.000000,1325,1325,population,borough_code,,False,False
4620062.00,0062.00,66023,Montréal,11,1.000000,4679,4679,population,borough_code,,False,False
4620063.00,0063.00,66023,Montréal,11,1.000000,5477,5477,population,borough_code,,False,False
4620064.00,0064.00,66023,Montréal,11,1.000000,1949,1949,population,borough_code,,False,False
4620065.01,0065.01,66023,Montréal,11,1.000000,6388,6388,population,borough_code,,False,False
4620065.02,0065.02,66023,Montréal,11,1.000000,3629,3629,population,borough_code,,False,False
4620066.01,0066.01,66023,Montréal,11,1.000000,3684,3684,population,borough_code,,False,False
4620066.02,0066.02,66023,Montréal,11,1.000000,3178,3178,population,borough_code,,False,False
4620069.01,0069.01,66023,Montréal,11,1.000000,4563,4563,population,borough_code,,False,False
4620070.01,0070.01,66023,Montréal,11,1.000000,3767,3767,population,borough_code,,False,False
4620128.00,0128.00,66023,Montréal,11,1.000000,3839,3839,population,borough_code,,False,False
4620129.01,0129.01,66023,Montréal,11,1.000000,4249,4249,population,borough_code,,False,False
4620129.02,0129.02,66023,Montréal,11,1.000000,3602,3602,population,borough_code,,False,False
4620130.00,0130.00,66023,Montréal,12,1.000000,3017,3017,population,borough_code,,False,False
4620131.00,0131.00,66023,Montréal,12,1.000000,3201,3201,population,borough_code,,False,False
4620132.00,0132.00,66023,Montréal,12,1.000000,5151,5151,population,borough_code,,False,False
4620133.00,0133.00,66023,Montréal,12,1.000000,2645,2645,population,borough_code,,False,False
4620134.00,0134.00,66023,Montréal,12,1.000000,1136,1136,population,borough_code,,False,False
4620135.00,0135.00,66023,Montréal,12,1.000000,1717,1717,population,borough_code,,False,False
4620136.00,0136.00,66023,Montréal,12,1.000000,2861,2861,population,borough_code,,False,False
4620137.00,0137.00,66023,Montréal,12,1.000000,1165,1165,population,borough_code,,False,False
4620138.00,0138.00,66023,Montréal,12,1.000000,2077,2077,population,borough_code,,False,False
4620139.00,0139.00,66023,Montréal,12,1.000000,3223,3223,population,borough_code,,False,False
4620140.00,0140.00,66023,Montréal,12,1.000000,1388,1388,population,borough_code,,False,False
4620141.00,0141.00,66023,Montréal,12,1.000000,1722,1722,population,borough_code,,False,False
4620142.00,0142.00,66023,Montréal,12,1.000000,1683,1683,population,borough_code,,False,False
4620143.00,0143.00,66023,Montréal,12,1.000000,2691,2691,population,borough_code,,False,False
4620144.00,0144.00,66023,Montréal,12,1.000000,3542,3542,population,borough_code,,False,False
4620145.00,0145.00,66023,Montréal,12,1.000000,0,0,dissemination_area_count,borough_code,,False,False
4620146.00,0146.00,66023,Montréal,12,1.000000,2455,2455,population,borough_code,,False,False
4620147.00,0147.00,66023,Montréal,12,1.000000,2905,2905,population,borough_code,,False,False
4620148.00,0148.00,66023,Montréal,12,1.000000,1223,1223,population,borough_code,,False,False
4620149.00,0149.00,66023,Montréal,12,1.000000,3238,3238,population,borough_code,,False,False
4620150.00,0150.00,66023,Montréal,12,1.000000,2412,2412,population,borough_code,,False,False
4620151.00,0151.00,66023,Montréal,12,1.000000,2124,2124,population,borough_code,,False,False
4620152.00,0152.00,66023,Montréal,12,1.000000,1650,1650,population,borough_code,,False,False
4620153.00,0153.00,66023,Montréal,12,1.000000,812,812,population,borough_code,,False,False
4620154.00,0154.00,66023,Montréal,12,1.000000,1104,1104,population,borough_code,,False,False
4620155.00,0155.00,66023,Montréal,12,1.000000,1813,1813,population,borough_code,,False,False
4620156.00,0156.00,66023,Montréal,12,1.000000,1955,1955,population,borough_code,,False,False
4620157.00,0157.00,66023,Montréal,12,1.000000,2152,2152,population,borough_code,,False,False
4620158.00,0158.00,66023,Montréal,12,1.000000,2094,2094,population,borough_code,,False,False
4620159.00,0159.00,66023,Montréal,12,1.000000,1886,1886,population,borough_code,,False,False
4620160.00,0160.00,66023,Montréal,12,1.000000,1738,1738,population,borough_code,,False,False
4620161.00,0161.00,66023,Montréal,12,1.000000,1980,1980,population,borough_code,,False,False
4620162.00,0162.00,66023,Montréal,12,1.000000,1755,1755,population,borough_code,,False,False
4620163.00,0163.00,66023,Montréal,12,1.000000,3090,3090,population,borough_code,,False,False
4620164.00,0164.00,66023,Montréal,12,1.000000,1586,1586,population,borough_code,,False,False
4620165.00,0165.00,66023,Montréal,12,1.000000,2322,2322,population,borough_code,,False,False
4620167.00,0167.00,66023,Montréal,12,1.000000,2453,2453,population,borough_code,,False,False
4620168.00,0168.00,66023,Montréal,12,1.000000,2826,2826,population,borough_code,,False,False
4620169.00,0169.00,66023,Montréal,12,1.000000,2099,2099,population,borough_code,,False,False
4620170.00,0170.00,66023,Montréal,12,1.000000,2098,2098,population,borough_code,,False,False
4620171.00,0171.00,66023,Montréal,12,1.000000,4778,4778,population,borough_code,,False,False
4620172.00,0172.00,66023,Montréal,12,1.000000,2656,2656,population,borough_code,,False,False
4620173.00,0173.00,66023,Montréal,12,1.000000,2041,2041,population,borough_code,,False,False
4620174.00,0174.00,66023,Montréal,12,1.000000,2110,2110,population,borough_code,,False,False
4620175.00,0175.00,66023,Montréal,12,1.000000,1992,1992,population,borough_code,,False,False
4620176.00,0176.00,66023,Montréal,12,1.000000,1643,1643,population,borough_code,,False,False
4620177.00,0177.00,66023,Montréal,12,1.000000,1342,1342,population,borough_code,,False,False
4620178.00,0178.00,66023,Montréal,12,1.000000,2262,2262,population,borough_code,,False,False
4620166.00,0166.00,66023,Montréal,13,1.000000,574,574,population,borough_code,,False,False
4620179.00,0179.00,66023,Montréal,13,1.000000,3783,3783,population,borough_code,,False,False
4620180.00,0180.00,66023,Montréal,13,1.000000,3322,3322,population,borough_code,,False,False
4620181.00,0181.00,66023,Montréal,13,1.000000,5881,5881,population,borough_code,,False,False
4620182.00,0182.00,66023,Montréal,13,1.000000,2099,2099,population,borough_code,,False,False
4620183.00,0183.00,66023,Montréal,13,1.000000,2152,2152,population,borough_code,,False,False
4620184.00,0184.00,66023,Montréal,13,1.000000,2965,2965,population,borough_code,,False,False
4620185.00,0185.00,66023,Montréal,13,1.000000,5192,5192,population,borough_code,,False,False
4620186.00,0186.00,66023,Montréal,13,1.000000,4606,4606,population,borough_code,,False,False
4620187.01,0187.01,66023,Montréal,13,1.000000,3339,3339,population,borough_code,,False,False
4620187.03,0187.03,66023,Montréal,13,1.000000,4751,4751,population,borough_code,,False,False
4620187.04,0187.04,66023,Montréal,13,1.000000,6501,6501,population,borough_code,,False,False
4620188.01,0188.01,66023,Montréal,13,1.000000,2136,2136,population,borough_code,,False,False
4620188.02,0188.02,66023,Montréal,13,1.000000,2605,2605,population,borough_code,,False,False
4620189.00,0189.00,66023,Montréal,13,1.000000,0,0,dissemination_area_count,borough_code,,False,False
4620190.02,0190.02,66023,Montréal,13,1.000000,4164,4164,population,borough_code,,False,False
4620195.01,0195.01,66023,Montréal,13,1.000000,3537,3537,population,borough_code,,False,False
4620196.00,0196.00,66023,Montréal,13,1.000000,4065,4065,population,borough_code,,False,False
4620197.00,0197.00,66023,Montréal,13,1.000000,4915,4915,population,borough_code,,False,False
4620198.00,0198.00,66023,Montréal,13,1.000000,5025,5025,population,borough_code,,False,False
4620199.00,0199.00,66023,Montréal,13,1.000000,2619,2619,population,borough_code,,False,False
4620200.00,0200.00,66023,Montréal,13,1.000000,4579,4579,population,borough_code,,False,False
4620201.00,0201.00,66023,Montréal,13,1.000000,6953,6953,population,borough_code,,False,False
4620202.00,0202.00,66023,Montréal,13,1.000000,4186,4186,population,borough_code,,False,False
4620203.00,0203.00,66023,Montréal,13,1.000000,2797,2797,population,borough_code,,False,False
4620204.00,0204.00,66023,Montréal,13,1.000000,2667,2667,population,borough_code,,False,False
4620205.00,0205.00,66023,Montréal,13,1.000000,2095,2095,population,borough_code,,False,False
4620206.00,0206.00,66023,Montréal,13,1.000000,2530,2530,population,borough_code,,False,False
4620207.00,0207.00,66023,Montréal,13,1.000000,3379,3379,population,borough_code,,False,False
4620208.00,0208.00,66023,Montréal,13,1.000000,2497,2497,population,borough_code,,False,False
4620209.00,0209.00,66023,Montréal,13,1.000000,6031,6031,population,borough_code,,False,False
4620210.00,0210.00,66023,Montréal,13,1.000000,4165,4165,population,borough_code,,False,False
4620211.00,0211.00,66023,Montréal,13,1.000000,2249,2249,population,borough_code,,False,False
4620212.00,0212.00,66023,Montréal,13,1.000000,2523,2523,population,borough_code,,False,False
4620213.00,0213.00,66023,Montréal,13,1.000000,2586,2586,population,borough_code,,False,False
4620214.00,0214.00,66023,Montréal,13,1.000000,2765,2765,population,borough_code,,False,False
4620215.00,0215.00,66023,Montréal,13,1.000000,3010,3010,population,borough_code,,False,False
4620216.00,0216.00,66023,Montréal,13,1.000000,2200,2200,population,borough_code,,False,False
4620217.00,0217.00,66023,Montréal,13,1.000000,2518,2518,population,borough_code,,False,False
4620218.00,0218.00,66023,Montréal,13,1.000000,2877,2877,population,borough_code,,False,False
4620219.00,0219.00,66023,Montréal,13,1.000000,2827,2827,population,borough_code,,False,False
4620247.00,0247.00,66023,Montréal,13,1.000000,2148,2148,population,borough_code,,False,False
4620220.00,0220.00,66023,Montréal,14,1.000000,5683,5683,population,borough_code,,False,False
4620221.00,0221.00,66023,Montréal,14,1.000000,6147,6147,population,borough_code,,False,False
4620222.00,0222.00,66023,Montréal,14,1.000000,3777,3777,population,borough_code,,False,False
4620223.01,0223.01,66023,Montréal,14,1.000000,4052,4052,population,borough_code,,False,False
4620223.02,0223.02,66023,Montréal,14,1.000000,3353,3353,population,borough_code,,False,False
4620224.00,0224.00,66023,Montréal,14,1.000000,6054,6054,population,borough_code,,False,False
4620225.00,0225.00,66023,Montréal,14,1.000000,1414,1414,population,borough_code,,False,False
4620226.00,0226.00,66023,Montréal,14,1.000000,2952,2952,population,borough_code,,False,False
4620227.00,0227.00,66023,Montréal,14,1.000000,1561,1561,population,borough_code,,False,False
4620228.00,0228.00,66023,Montréal,14,1.000000,1628,1628,population,borough_code,,False,False
4620229.00,0229.00,66023,Montréal,14,1.000000,0,0,dissemination_area_count,borough_code,,False,False
4620230.00,0230.00,66023,Montréal,14,1.000000,1858,1858,population,borough_code,,False,False
4620231.00,0231.00,66023,Montréal,14,1.000000,1612,1612,population,borough_code,,False,False
4620232.00,0232.00,66023,Montréal,14,1.000000,4674,4674,population,borough_code,,False,False
4620233.00,0233.00,66023,Montréal,14,1.000000,2011,2011,population,borough_code,,False,False
4620234.00,0234.00,66023,Montréal,14,1.000000,2144,2144,population,borough_code,,False,False
4620235.00,0235.00,66023,Montréal,14,1.000000,1872,1872,population,borough_code,,False,False
4620236.00,0236.00,66023,Montréal,14,1.000000,1776,1776,population,borough_code,,False,False
4620237.00,0237.00,66023,Montréal,14,1.000000,3418,3418,population,borough_code,,False,False
4620238.00,0238.00,66023,Montréal,14,1.000000,2338,2338,population,borough_code,,False,False
4620239.00,0239.00,66023,Montréal,14,1.000000,4606,4606,population,borough_code,,False,False
4620240.00,0240.00,66023,Montréal,14,1.000000,3118,3118,population,borough_code,,False,False
4620241.00,0241.00,66023,Montréal,14,1.000000,2791,2791,population,borough_code,,False,False
4620242.00,0242.00,66023,Montréal,14,1.000000,6077,6077,population,borough_code,,False,False
4620243.00,0243.00,66023,Montréal,14,1.000000,3677,3677,population,borough_code,,False,False
4620244.00,0244.00,66023,Montréal,14,1.000000,2064,2064,population,borough_code,,False,False
4620245.00,0245.00,66023,Montréal,14,1.000000,2883,2883,population,borough_code,,False,False
4620249.00,0249.00,66023,Montréal,14,1.000000,4188,4188,population,borough_code,,False,False
4620250.00,0250.00,66023,Montréal,14,1.000000,3994,3994,population,borough_code,,False,False
4620251.01,0251.01,66023,Montréal,14,1.000000,3669,3669,population,borough_code,,False,False
4620251.02,0251.02,66023,Montréal,14,1.000000,2649,2649,population,borough_code,,False,False
4620252.00,0252.00,66023,Montréal,14,1.000000,5186,5186,population,borough_code,,False,False
4620253.00,0253.00,66023,Montréal,14,1.000000,3598,3598,population,borough_code,,False,False
4620254.00,0254.00,66023,Montréal,14,1.000000,4029,4029,population,borough_code,,False,False
4620256.00,0256.00,66023,Montréal,14,1.000000,3877,3877,population,borough_code,,False,False
4620257.00,0257.00,66023,Montréal,14,1.000000,4500,4500,population,borough_code,,False,False
4620258.00,0258.00,66023,Montréal,14,1.000000,5314,5314,population,borough_code,,False,False
4620259.00,0259.00,66023,Montréal,14,1.000000,6349,6349,population,borough_code,,False,False
4620260.00,0260.00,66023,Montréal,14,1.000000,2338,2338,population,borough_code,,False,False
4620261.00,0261.00,66023,Montréal,14,1.000000,2858,2858,population,borough_code,,False,False
4620262.00,0262.00,66023,Montréal,14,1.000000,4866,4866,population,borough_code,,False,False
4620263.00,0263.00,66023,Montréal,14,1.000000,4135,4135,population,borough_code,,False,False
4620001.00,0001.00,66023,Montréal,15,1.000000,2684,2684,population,borough_code,,False,False
4620002.00,0002.00,66023,Montréal,15,1.000000,3780,3780,population,borough_code,,False,False
4620003.00,0003.00,66023,Montréal,15,1.000000,6600,6600,population,borough_code,,False,False
4620004.00,0004.00,66023,Montréal,15,1.000000,3355,3355,population,borough_code,,False,False
4620005.00,0005.00,66023,Montréal,15,1.000000,3175,3175,population,borough_code,,False,False
4620006.00,0006.00,66023,Montréal,15,1.000000,4611,4611,population,borough_code,,False,False
4620007.00,0007.00,66023,Montréal,15,1.000000,5655,5655,population,borough_code,,False,False
4620008.00,0008.00,66023,Montréal,15,1.000000,3104,3104,population,borough_code,,False,False
4620009.00,0009.00,66023,Montréal,15,1.000000,3554,3554,population,borough_code,,False,False
4620010.00,0010.00,66023,Montréal,15,1.000000,1494,1494,population,borough_code,,False,False
4620011.00,0011.00,66023,Montréal,15,1.000000,6439,6439,population,borough_code,,False,False
4620012.01,0012.01,66023,Montréal,15,1.000000,2547,2547,population,borough_code,,False,False
4620012.02,0012.02,66023,Montréal,15,1.000000,4163,4163,population,borough_code,,False,False
4620013.00,0013.00,66023,Montréal,15,1.000000,5694,5694,population,borough_code,,False,False
4620014.02,0014.02,66023,Montréal,15,1.000000,0,0,dissemination_area_count,borough_code,,False,False
4620014.03,0014.03,66023,Montréal,15,1.000000,3363,3363,population,borough_code,,False,False
4620014.04,0014.04,66023,Montréal,15,1.000000,4187,4187,population,borough_code,,False,False
4620015.00,0015.00,66023,Montréal,15,1.000000,4089,4089,population,borough_code,,False,False
4620016.00,0016.00,66023,Montréal,15,1.000000,2470,2470,population,borough_code,,False,False
4620017.00,0017.00,66023,Montréal,15,1.000000,2131,2131,population,borough_code,,False,False
4620018.00,0018.00,66023,Montréal,15,1.000000,2013,2013,population,borough_code,,False,False
4620019.00,0019.00,66023,Montréal,15,1.000000,2398,2398,population,borough_code,,False,False
4620021.00,0021.00,66023,Montréal,15,1.000000,3028,3028,population,borough_code,,False,False
4620022.00,0022.00,66023,Montréal,15,1.000000,1527,1527,population,borough_code,,False,False
4620023.00,0023.00,66023,Montréal,15,1.000000,1238,1238,population,borough_code,,False,False
4620024.00,0024.00,66023,Montréal,15,1.000000,2544,2544,population,borough_code,,False,False
4620025.00,0025.00,66023,Montréal,15,1.000000,3018,3018,population,borough_code,,False,False
4620026.00,0026.00,66023,Montréal,15,1.000000,2519,2519,population,borough_code,,False,False
4620027.00,0027.00,66023,Montréal,15,1.000000,1629,1629,population,borough_code,,False,False
4620028.00,0028.00,66023,Montréal,15,1.000000,2058,2058,population,borough_code,,False,False
4620029.00,0029.00,66023,Montréal,15,1.000000,4027,4027,population,borough_code,,False,False
4620030.00,0030.00,66023,Montréal,15,1.000000,3506,3506,population,borough_code,,False,False
4620031.00,0031.00,66023,Montréal,15,1.000000,2803,2803,population,borough_code,,False,False
4620190.01,0190.01,66023,Montréal,15,1.000000,3688,3688,population,borough_code,,False,False
4620191.00,0191.00,66023,Montréal,15,1.000000,6160,6160,population,borough_code,,False,False
4620192.00,0192.00,66023,Montréal,15,1.000000,3229,3229,population,borough_code,,False,False
4620193.00,0193.00,66023,Montréal,15,1.000000,2197,2197,population,borough_code,,False,False
4620194.01,0194.01,66023,Montréal,15,1.000000,5132,5132,population,borough_code,,False,False
4620194.02,0194.02,66023,Montréal,15,1.000000,4478,4478,population,borough_code,,False,False
4620195.02,0195.02,66023,Montréal,15,1.000000,5384,5384,population,borough_code,,False,True
4620195.03,0195.03,66023,Montréal,15,1.000000,4956,4956,population,borough_code,,False,False
4620590.01,0590.01,66023,Montréal,16,1.000000,5526,5526,population,borough_code,,False,False
4620590.02,0590.02,66023,Montréal,16,1.000000,3452,3452,population,borough_code,,False,False
4620591.01,0591.01,66023,Montréal,16,1.000000,2704,2704,population,borough_code,,False,False
4620591.02,0591.02,66023,Montréal,16,1.000000,4117,4117,population,borough_code,,False,False
4620592.00,0592.00,66023,Montréal,16,1.000000,7570,7570,population,borough_code,,False,False
4620593.01,0593.01,66023,Montréal,16,1.000000,4862,4862,population,borough_code,,False,False
4620593.02,0593.02,66023,Montréal,16,1.000000,4575,4575,population,borough_code,,False,False
4620594.01,0594.01,66023,Montréal,16,1.000000,2848,2848,population,borough_code,,False,False
4620594.02,0594.02,66023,Montréal,16,1.000000,7589,7589,population,borough_code,,False,False
4620600.01,0600.01,66023,Montréal,16,1.000000,4022,4022,population,borough_code,,False,False
4620600.02,0600.02,66023,Montréal,16,1.000000,4118,4118,population,borough_code,,False,False
4620600.03,0600.03,66023,Montréal,16,1.000000,7091,7091,population,borough_code,,False,False
4620601.01,0601.01,66023,Montréal,16,1.000000,3373,3373,population,borough_code,,False,False
4620601.02,0601.02,66023,Montréal,16,1.000000,4827,4827,population,borough_code,,False,False
4620602.01,0602.01,66023,Montréal,16,1.000000,3780,3780,population,borough_code,,False,False
4620602.02,0602.02,66023,Montréal,16,1.000000,2794,2794,population,borough_code,,False,False
4620603.01,0603.01,66023,Montréal,16,1.000000,3598,3598,population,borough_code,,False,False
4620603.02,0603.02,66023,Montréal,16,1.000000,4252,4252,population,borough_code,,False,False
4620603.03,0603.03,66023,Montréal,16,1.000000,3281,3281,population,borough_code,,False,False
4620604.01,0604.01,66023,Montréal,16,1.000000,3550,3550,population,borough_code,,False,False
4620604.02,0604.02,66023,Montréal,16,1.000000,4517,4517,population,borough_code,,False,False
4620604.03,0604.03,66023,Montréal,16,1.000000,3012,3012,population,borough_code,,False,False
4620604.04,0604.04,66023,Montréal,16,1.000000,3457,3457,population,borough_code,,False,False
4620604.05,0604.05,66023,Montréal,16,1.000000,5279,5279,population,borough_code,,False,False
4620605.01,0605.01,66023,Montréal,16,1.000000,3525,3525,population,borough_code,,False,False
4620605.02,0605.02,66023,Montréal,16,1.000000,1997,1997,population,borough_code,,False,False
4620605.03,0605.03,66023,Montréal,16,1.000000,5854,5854,population,borough_code,,False,False
4620605.04,0605.04,66023,Montréal,16,1.000000,4898,4898,population,borough_code,,False,False
4620605.05,0605.05,66023,Montréal,16,1.000000,2270,2270,population,borough_code,,False,False
4620610.01,0610.01,66023,Montréal,17,1.000000,4777,4777,population,borough_code,,False,False
4620610.02,0610.02,66023,Montréal,17,1.000000,4612,4612,population,borough_code,,False,False
4620610.03,0610.03,66023,Montréal,17,1.000000,5684,5684,population,borough_code,,False,False
4620610.04,0610.04,66023,Montréal,17,1.000000,3973,3973,population,borough_code,,False,False
4620610.05,0610.05,66023,Montréal,17,1.000000,4856,4856,population,borough_code,,False,False
4620610.06,0610.06,66023,Montréal,17,1.000000,2822,2822,population,borough_code,,False,False
4620610.07,0610.07,66023,Montréal,17,1.000000,4659,4659,population,borough_code,,False,False
4620611.01,0611.01,66023,Montréal,17,1.000000,3036,3036,population,borough_code,,False,False
4620611.02,0611.02,66023,Montréal,17,1.000000,5839,5839,population,borough_code,,False,False
4620612.00,0612.00,66023,Montréal,17,1.000000,4813,4813,population,borough_code,,False,False
4620613.00,0613.00,66023,Montréal,17,1.000000,7813,7813,population,borough_code,,False,False
4620614.00,0614.00,66023,Montréal,17,1.000000,3827,3827,population,borough_code,,False,False
4620615.00,0615.00,66023,Montréal,17,1.000000,5848,5848,population,borough_code,,False,False
4620616.00,0616.00,66023,Montréal,17,1.000000,6896,6896,population,borough_code,,False,False
4620617.01,0617.01,66023,Montréal,17,1.000000,5616,5616,population,borough_code,,False,False
4620617.02,0617.02,66023,Montréal,17,1.000000,3904,3904,population,borough_code,,False,False
4620618.00,0618.00,66023,Montréal,17,1.000000,3611,3611,population,borough_code,,False,False
4620619.00,0619.00,66023,Montréal,17,1.000000,5885,5885,population,borough_code,,False,False
4620290.01,0290.01,66023,Montréal,18,1.000000,2713,2713,population,borough_code,,False,False
4620290.02,0290.02,66023,Montréal,18,1.000000,5711,5711,population,borough_code,,False,False
4620290.03,0290.03,66023,Montréal,18,1.000000,4263,4263,population,borough_code,,False,False
4620290.04,0290.04,66023,Montréal,18,1.000000,6876,6876,population,borough_code,,False,False
4620290.05,0290.05,66023,Montréal,18,1.000000,5156,5156,population,borough_code,,False,False
4620290.06,0290.06,66023,Montréal,18,1.000000,5326,5326,population,borough_code,,False,False
4620290.07,0290.07,66023,Montréal,18,1.000000,4010,4010,population,borough_code,,False,False
4620290.08,0290.08,66023,Montréal,18,1.000000,4111,4111,population,borough_code,,False,False
4620290.09,0290.09,66023,Montréal,18,1.000000,4930,4930,population,borough_code,,False,False
4620291.01,0291.01,66023,Montréal,18,1.000000,3900,3900,population,borough_code,,False,False
4620291.03,0291.03,66023,Montréal,18,1.000000,5854,5854,population,borough_code,,False,False
4620291.04,0291.04,66023,Montréal,18,1.000000,5222,5222,population,borough_code,,False,False
4620570.00,0570.00,66007,Montréal-Est,18,1.000000,4394,4394,population,borough_code,,False,False
4620580.01,0580.01,66023,Montréal,18,1.000000,4853,4853,population,borough_code,,False,False
4620580.02,0580.02,66023,Montréal,18,1.000000,3235,3235,population,borough_code,,False,False
4620580.03,0580.03,66023,Montréal,18,1.000000,3829,3829,population,borough_code,,False,False
4620581.01,0581.01,66023,Montréal,18,1.000000,5825,5825,population,borough_code,,False,False
4620581.02,0581.02,66023,Montréal,18,1.000000,3490,3490,population,borough_code,,False,False
4620582.01,0582.01,66023,Montréal,18,1.000000,6340,6340,population,borough_code,,False,False
4620582.02,0582.02,66023,Montréal,18,1.000000,5918,5918,population,borough_code,,False,False
4620583.00,0583.00,66023,Montréal,18,1.000000,3208,3208,population,borough_code,,False,False
4620584.00,0584.00,66023,Montréal,18,1.000000,7066,7066,population,borough_code,,False,False
4620585.01,0585.01,66023,Montréal,18,1.000000,2281,2281,population,borough_code,,False,False
4620585.02,0585.02,66023,Montréal,18,1.000000,3824,3824,population,borough_code,,False,False
