ref_date,geo,dguid,median_hh_total_income_2020,median_hh_total_income_2015,median_hh_aftertax_income_2020,median_hh_aftertax_income_2015,households_2021
2021,"Montréal (CMA) 462, Que.",2021S0503462,76000,67000,65500,58000,1835700
2021,0001.00 - Montréal,2021S05074620001.00,63600,57600,54800,50400,1405
2021,0002.00 - Montréal,2021S05074620002.00,57600,52400,50800,46400,1945
2021,0003.00 - Montréal,2021S05074620003.00,62000,54800,54800,48400,3015
2021,0004.00 - Montréal,2021S05074620004.00,60000,53200,52400,46800,1645
2021,0005.00 - Montréal,2021S05074620005.00,58800,51200,51200,45600,1640
2021,0006.00 - Montréal,2021S05074620006.00,60000,50000,53600,45200,2045
2021,0007.00 - Montréal,2021S05074620007.00,62400,57200,54800,50400,2865
2021,0008.00 - Montréal,2021S05074620008.00,68500,64000,57600,54800,1530
2021,0009.00 - Montréal,2021S05074620009.00,64000,56000,56400,49200,1705
2021,0010.00 - Montréal,2021S05074620010.00,62400,55200,54400,48400,740
2021,0011.00 - Montréal,2021S05074620011.00,68000,60400,58400,52400,2830
2021,0012.01 - Montréal,2021S05074620012.01,48400,44000,43600,39600,1285
2021,0012.02 - Montréal,2021S05074620012.02,47600,43600,43600,39600,2070
2021,0013.00 - Montréal,2021S05074620013.00,64000,56000,54400,48400,3015
2021,0014.02 - Montréal,2021S05074620014.02,,0,,0,
2021,0014.03 - Montréal,2021S05074620014.03,56800,45600,49200,41600,1775
2021,0014.04 - Montréal,2021S05074620014.04,68000,56000,57200,48800,2415
2021,0015.00 - Montréal,2021S05074620015.00,60000,50400,52000,44400,2235
2021,0016.00 - Montréal,2021S05074620016.00,59200,44800,52000,40800,1215
2021,0017.00 - Montréal,2021S05074620017.00,58800,50000,51200,44800,1185
2021,0018.00 - Montréal,2021S05074620018.00,53200,44800,47200,40400,1145
2021,0019.00 - Montréal,2021S05074620019.00,52800,42000,47600,38000,1340
2021,0021.00 - Montréal,2021S05074620021.00,53600,42000,48000,38400,1575
2021,0022.00 - Montréal,2021S05074620022.00,59600,48800,50800,43200,850
2021,0023.00 - Montréal,2021S05074620023.00,54800,42000,49600,39200,675
2021,0024.00 - Montréal,2021S05074620024.00,58000,44000,50400,39600,1395
2021,0025.00 - Montréal,2021S05074620025.00,60800,49200,52800,44400,1530
2021,0026.00 - Montréal,2021S05074620026.00,57200,48400,50400,42800,1510
2021,0027.00 - Montréal,2021S05074620027.00,56000,43200,49200,39200,920
2021,0028.00 - Montréal,2021S05074620028.00,60000,46000,52000,40800,1160
2021,0029.00 - Montréal,2021S05074620029.00,57600,44800,50400,39600,2115
2021,0030.00 - Montréal,2021S05074620030.00,53600,42400,47200,38400,2065
2021,0031.00 - Montréal,2021S05074620031.00,52400,43600,46000,39200,1555
2021,0032.00 - Montréal,2021S05074620032.00,49200,42800,42400,38000,950
2021,0033.00 - Montréal,2021S05074620033.00,53600,41600,46800,37600,980
2021,0034.00 - Montréal,2021S05074620034.00,56400,45600,49600,40400,1525
2021,0035.00 - Montréal,2021S05074620035.00,56000,49200,49200,43600,1140
2021,0036.00 - Montréal,2021S05074620036.00,58000,44400,50000,39200,1205
2021,0037.00 - Montréal,2021S05074620037.00,45600,38800,40800,35600,2140
2021,0038.00 - Montréal,2021S05074620038.00,55600,42000,49600,39200,960
2021,0039.00 - Montréal,2021S05074620039.00,58000,49200,50000,43200,1310
2021,0040.00 - Montréal,2021S05074620040.00,,0,,0,
2021,0041.00 - Montréal,2021S05074620041.00,55200,45600,48400,40000,1045
2021,0042.00 - Montréal,2021S05074620042.00,58800,44800,50000,40000,745
2021,0043.00 - Montréal,2021S05074620043.00,56000,49200,48400,43200,800
2021,0044.00 - Montréal,2021S05074620044.00,58400,47600,50400,42400,1265
2021,0045.00 - Montréal,2021S05074620045.00,49600,43200,44000,38000,950
2021,0046.00 - Montréal,2021S05074620046.00,56800,50000,49200,44000,1285
2021,0047.00 - Montréal,2021S05074620047.00,57200,50400,49200,45200,390
2021,0048.00 - Montréal,2021S05074620048.00,63200,51600,54400,45600,1290
2021,0049.00 - Montréal,2021S05074620049.00,50800,38800,45200,35200,760
2021,0050.00 - Montréal,2021S05074620050.00,48800,33600,44400,32000,720
2021,0051.00 - Montréal,2021S05074620051.00,53200,44000,46000,39200,1095
2021,0052.00 - Montréal,2021S05074620052.00,48400,36000,44000,33200,1215
2021,0053.00 - Montréal,2021S05074620053.00,48000,46400,42400,40000,910
2021,0054.00 - Montréal,2021S05074620054.00,65000,59200,56000,48400,800
2021,0055.01 - Montréal,2021S05074620055.01,93000,86000,74500,68000,3370
2021,0055.02 - Montréal,2021S05074620055.02,172000,149000,123000,111000,305
2021,0056.00 - Montréal,2021S05074620056.00,51600,42800,45600,39200,1160
2021,0057.00 - Montréal,2021S05074620057.00,45600,37200,40800,34800,1020
2021,0058.00 - Montréal,2021S05074620058.00,46400,33600,42400,30600,685
2021,0059.00 - Montréal,2021S05074620059.00,66000,62800,54800,53200,845
2021,0060.00 - Montréal,2021S05074620060.00,23400,21400,23400,21400,525
2021,0061.00 - Montréal,2021S05074620061.00,66000,58400,55200,50400,675
2021,0062.00 - Montréal,2021S05074620062.00,55600,57200,47600,49600,2965
2021,0063.00 - Montréal,2021S05074620063.00,30600,20400,28600,20200,3510
2021,0064.00 - Montréal,2021S05074620064.00,36400,25000,34000,24000,1130
2021,0065.01 - Montréal,2021S05074620065.01,33600,21400,32000,21200,4045
2021,0065.02 - Montréal,2021S05074620065.02,40800,26400,38000,25400,2145
2021,0066.01 - Montréal,2021S05074620066.01,43600,28400,40800,27600,2055
2021,0066.02 - Montréal,2021S05074620066.02,35600,21800,33600,21600,1945
2021,0067.00 - Montréal,2021S05074620067.00,62400,47600,56400,44000,810
2021,0068.00 - Montréal,2021S05074620068.00,49200,35600,46400,34800,610
2021,0069.01 - Montréal,2021S05074620069.01,77000,77500,64000,62800,2560
2021,0069.02 - Montréal,2021S05074620069.02,86000,82000,70000,64500,2540
2021,0070.01 - Montréal,2021S05074620070.01,83000,89000,67500,70000,2480
2021,0070.02 - Montréal,2021S05074620070.02,85000,77500,67500,61200,3530
2021,0071.00 - Montréal,2021S05074620071.00,,0,,0,
2021,0072.00 - Montréal,2021S05074620072.00,59600,46000,52800,41600,1825
2021,0073.00 - Montréal,2021S05074620073.00,63600,49200,54800,43200,1105
2021,0074.00 - Montréal,2021S05074620074.00,69000,56400,60000,50000,1735
2021,0075.00 - Montréal,2021S05074620075.00,59600,48000,52800,43200,1360
2021,0076.00 - Montréal,2021S05074620076.00,67500,56800,56800,49600,1765
2021,0077.00 - Montréal,2021S05074620077.00,74000,51600,63200,45600,1990
2021,0078.00 - Montréal,2021S05074620078.00,74000,63600,62800,54000,2110
2021,0079.00 - Montréal,2021S05074620079.00,65000,56000,56000,48400,2560
2021,0080.00 - Montréal,2021S05074620080.00,85000,66000,72000,58400,390
2021,0081.00 - Montréal,2021S05074620081.00,67500,59600,56400,50800,2175
2021,0082.00 - Montréal,2021S05074620082.00,55600,46800,50000,42800,1130
2021,0083.00 - Montréal,2021S05074620083.00,67000,52000,57200,46000,1835
2021,0084.00 - Montréal,2021S05074620084.00,54000,45200,47600,40000,1395
2021,0085.00 - Montréal,2021S05074620085.00,62400,51600,56400,46000,335
2021,0086.00 - Montréal,2021S05074620086.00,59600,51200,52000,45600,2020
2021,0087.00 - Montréal,2021S05074620087.00,60400,51200,52800,46400,1575
2021,0088.00 - Montréal,2021S05074620088.00,55600,47200,48800,42000,1865
2021,0089.00 - Montréal,2021S05074620089.00,62800,50000,55200,44800,2410
2021,0090.00 - Montréal,2021S05074620090.00,58000,48400,51600,43600,2160
2021,0091.00 - Montréal,2021S05074620091.00,,0,,0,
2021,0092.00 - Montréal,2021S05074620092.00,58000,50400,51200,44800,2850
2021,0093.00 - Montréal,2021S05074620093.00,60800,51200,53200,46000,1545
2021,0094.01 - Montréal,2021S05074620094.01,49200,41600,44400,38400,3185
2021,0094.02 - Montréal,2021S05074620094.02,,0,,0,
2021,0095.00 - Montréal,2021S05074620095.00,57600,46800,50400,40800,1150
2021,0096.00 - Montréal,2021S05074620096.00,72500,61200,62800,53200,1110
2021,0097.01 - Montréal,2021S05074620097.01,47600,40800,42400,36800,3340
2021,0097.02 - Montréal,2021S05074620097.02,44800,36400,41200,34400,2105
2021,0098.00 - Montréal,2021S05074620098.00,78000,70000,66500,60800,2335
2021,0099.00 - Montréal,2021S05074620099.00,63200,56800,55200,49600,2720
2021,0100.01 - Montréal,2021S05074620100.01,61600,54400,54800,48400,1905
2021,0100.02 - Montréal,2021S05074620100.02,64000,54800,57200,50400,1485
2021,0101.01 - Montréal,2021S05074620101.01,54400,48000,49600,43600,1885
2021,0101.02 - Montréal,2021S05074620101.02,52800,45600,48800,42400,1580
2021,0102.00 - Montréal,2021S05074620102.00,82000,77000,69000,64500,2045
2021,0103.00 - Montréal,2021S05074620103.00,92000,89000,76000,74000,1070
2021,0104.00 - Montréal,2021S05074620104.00,135000,123000,106000,98000,1125
2021,0105.00 - Montréal,2021S05074620105.00,93000,85000,77000,71000,1560
2021,0106.00 - Montréal,2021S05074620106.00,78500,66000,67000,56000,905
2021,0107.00 - Montréal,2021S05074620107.00,57600,47600,50000,42400,825
2021,0108.00 - Montréal,2021S05074620108.00,95000,88000,77500,73000,1635
2021,0109.00 - Montréal,2021S05074620109.00,66500,56000,57200,49200,965
2021,0110.00 - Montréal,2021S05074620110.00,60400,47600,53200,42400,2120
2021,0111.00 - Montréal,2021S05074620111.00,63200,53200,56000,48800,3080
2021,0112.01 - Montréal,2021S05074620112.01,64000,51600,58800,48400,2065
2021,0112.02 - Montréal,2021S05074620112.02,42000,36400,39600,34400,1995
2021,0113.00 - Montréal,2021S05074620113.00,64500,54000,57600,48800,2140
2021,0114.00 - Montréal,2021S05074620114.00,78500,67000,69000,58000,925
2021,0115.01 - Montréal,2021S05074620115.01,83000,80000,70500,64500,900
2021,0115.02 - Montréal,2021S05074620115.02,50400,45600,44800,40800,3495
2021,0116.00 - Montréal,2021S05074620116.00,52400,42800,48000,39200,3085
2021,0117.00 - Montréal,2021S05074620117.00,64500,48800,58400,46800,1520
2021,0118.00 - Montréal,2021S05074620118.00,65500,51600,59600,48800,1590
2021,0119.00 - Montréal,2021S05074620119.00,55600,43200,51200,40800,2390
2021,0120.01 - Montréal,2021S05074620120.01,63600,56000,55600,50000,3650
2021,0120.02 - Montréal,2021S05074620120.02,115000,103000,94000,83000,485
2021,0121.00 - Montréal,2021S05074620121.00,109000,93000,90000,77000,700
2021,0122.00 - Montréal,2021S05074620122.00,42400,34000,39200,32400,2990
2021,0123.00 - Montréal,2021S05074620123.00,46800,38000,42800,35600,3215
2021,0124.00 - Montréal,2021S05074620124.00,49200,38800,44800,36400,2690
2021,0125.00 - Montréal,2021S05074620125.00,82000,71000,70500,61600,2710
2021,0126.00 - Montréal,2021S05074620126.00,56000,39200,49600,37200,965
2021,0127.01 - Montréal,2021S05074620127.01,41200,32400,37600,31000,3360
2021,0127.02 - Montréal,2021S05074620127.02,,0,,0,
2021,0128.00 - Montréal,2021S05074620128.00,92000,89000,74500,71500,1980
2021,0129.01 - Montréal,2021S05074620129.01,66500,62800,57600,52400,2430
2021,0129.02 - Montréal,2021S05074620129.02,49600,38000,44000,35200,2130
2021,0130.00 - Montréal,2021S05074620130.00,30000,20800,28000,20200,2085
2021,0131.00 - Montréal,2021S05074620131.00,32800,24000,31400,23400,2100
2021,0132.00 - Montréal,2021S05074620132.00,39200,30800,36000,29000,3205
2021,0133.00 - Montréal,2021S05074620133.00,46400,40000,40800,36400,1565
2021,0134.00 - Montréal,2021S05074620134.00,72500,70000,61200,56400,640
2021,0135.00 - Montréal,2021S05074620135.00,65000,58400,56000,51200,855
2021,0136.00 - Montréal,2021S05074620136.00,56800,54400,50400,47600,1515
2021,0137.00 - Montréal,2021S05074620137.00,41600,36800,37200,34000,645
2021,0138.00 - Montréal,2021S05074620138.00,56800,50800,50400,46000,1065
2021,0139.00 - Montréal,2021S05074620139.00,64500,59600,56400,52000,1710
2021,0140.00 - Montréal,2021S05074620140.00,86000,78000,72000,65000,695
2021,0141.00 - Montréal,2021S05074620141.00,84000,73000,69500,62000,840
2021,0142.00 - Montréal,2021S05074620142.00,59600,48400,51600,43200,865
2021,0143.00 - Montréal,2021S05074620143.00,48000,43200,42400,38800,1465
2021,0144.00 - Montréal,2021S05074620144.00,60400,53600,52000,46400,2025
2021,0145.00 - Montréal,2021S05074620145.00,,0,,0,
2021,0146.00 - Montréal,2021S05074620146.00,62800,49600,54400,42800,1380
2021,0147.00 - Montréal,2021S05074620147.00,71000,60000,59600,51200,1595
2021,0148.00 - Montréal,2021S05074620148.00,81000,70500,67500,60800,480
2021,0149.00 - Montréal,2021S05074620149.00,61200,52400,53200,46000,1800
2021,0150.00 - Montréal,2021S05074620150.00,50400,42400,44000,39200,1380
2021,0151.00 - Montréal,2021S05074620151.00,68500,58000,58000,49600,1090
2021,0152.00 - Montréal,2021S05074620152.00,63600,54400,54800,46800,920
2021,0153.00 - Montréal,2021S05074620153.00,45600,39200,40800,36400,440
2021,0154.00 - Montréal,2021S05074620154.00,76000,66500,66500,55200,595
2021,0155.00 - Montréal,2021S05074620155.00,65500,53200,55600,46000,1010
2021,0156.00 - Montréal,2021S05074620156.00,60400,53600,52800,47600,1105
2021,0157.00 - Montréal,2021S05074620157.00,78500,69500,65500,59200,1130
2021,0158.00 - Montréal,2021S05074620158.00,58800,54800,50400,48000,1205
2021,0159.00 - Montréal,2021S05074620159.00,79000,72000,66500,60800,955
2021,0160.00 - Montréal,2021S05074620160.00,54400,46000,46800,41200,1040
2021,0161.00 - Montréal,2021S05074620161.00,65000,56000,56800,49200,995
2021,0162.00 - Montréal,2021S05074620162.00,66500,55600,56800,47200,1005
2021,0163.00 - Montréal,2021S05074620163.00,75000,62800,65500,54800,1465
2021,0164.00 - Montréal,2021S05074620164.00,60400,56000,51600,48800,955
2021,0165.00 - Montréal,2021S05074620165.00,60000,49600,53200,44400,1020
2021,0166.00 - Montréal,2021S05074620166.00,68500,62000,60400,52400,310
2021,0167.00 - Montréal,2021S05074620167.00,65500,58800,57600,52000,1095
2021,0168.00 - Montréal,2021S05074620168.00,78000,64000,67000,56400,1140
2021,0169.00 - Montréal,2021S05074620169.00,87000,73000,72500,62800,935
2021,0170.00 - Montréal,2021S05074620170.00,70000,56800,60800,50400,1055
2021,0171.00 - Montréal,2021S05074620171.00,57200,48800,49600,43600,2785
2021,0172.00 - Montréal,2021S05074620172.00,58800,46000,50800,40800,1620
2021,0173.00 - Montréal,2021S05074620173.00,69000,56800,58000,48800,1150
2021,0174.00 - Montréal,2021S05074620174.00,77500,71000,63600,58400,1205
2021,0175.00 - Montréal,2021S05074620175.00,82000,78000,66500,63200,1085
2021,0176.00 - Montréal,2021S05074620176.00,69000,60000,58800,50800,905
2021,0177.00 - Montréal,2021S05074620177.00,68000,64000,59200,54400,770
2021,0178.00 - Montréal,2021S05074620178.00,61200,54800,53200,47200,1305
2021,0179.00 - Montréal,2021S05074620179.00,56400,46000,48800,41200,2175
2021,0180.00 - Montréal,2021S05074620180.00,54400,47200,47200,41600,1925
2021,0181.00 - Montréal,2021S05074620181.00,54000,50400,46800,44400,3310
2021,0182.00 - Montréal,2021S05074620182.00,62000,52400,53600,46800,1100
2021,0183.00 - Montréal,2021S05074620183.00,57600,52000,51200,45200,1205
2021,0184.00 - Montréal,2021S05074620184.00,60800,52000,52800,46000,1535
2021,0185.00 - Montréal,2021S05074620185.00,59600,50400,50800,44800,2760
2021,0186.00 - Montréal,2021S05074620186.00,55600,47200,49200,42400,2495
2021,0187.01 - Montréal,2021S05074620187.01,58400,43600,50400,38400,1920
2021,0187.03 - Montréal,2021S05074620187.03,63200,57600,54400,50800,2580
2021,0187.04 - Montréal,2021S05074620187.04,106000,90000,86000,74500,2665
2021,0188.01 - Montréal,2021S05074620188.01,59200,51600,52400,45200,1145
2021,0188.02 - Montréal,2021S05074620188.02,56400,49200,50000,43200,1380
2021,0189.00 - Montréal,2021S05074620189.00,,0,,0,
2021,0190.01 - Montréal,2021S05074620190.01,65500,60800,58000,52400,1805
2021,0190.02 - Montréal,2021S05074620190.02,78500,77000,65500,63600,2250
2021,0191.00 - Montréal,2021S05074620191.00,67500,60400,58000,52800,2920
2021,0192.00 - Montréal,2021S05074620192.00,86000,77500,73000,65500,1165
2021,0193.00 - Montréal,2021S05074620193.00,70000,62000,60800,53600,985
2021,0194.01 - Montréal,2021S05074620194.01,102000,98000,86000,82000,1740
2021,0194.02 - Montréal,2021S05074620194.02,64000,56800,57200,50800,1930
2021,0195.01 - Montréal,2021S05074620195.01,55600,50800,49200,44800,1670
2021,0195.02 - Montréal,2021S05074620195.02,64500,54800,56800,49200,2340
2021,0195.03 - Montréal,2021S05074620195.03,64500,58400,57200,52000,2300
2021,0196.00 - Montréal,2021S05074620196.00,56400,50000,50400,44800,2125
2021,0197.00 - Montréal,2021S05074620197.00,54400,50000,48400,44000,2455
2021,0198.00 - Montréal,2021S05074620198.00,57600,48800,50400,43600,2505
2021,0199.00 - Montréal,2021S05074620199.00,56800,48400,50000,43600,1335
2021,0200.00 - Montréal,2021S05074620200.00,53200,46400,47600,42000,2290
2021,0201.00 - Montréal,2021S05074620201.00,50800,44000,45200,39600,3400
2021,0202.00 - Montréal,2021S05074620202.00,56400,48400,48800,42800,2275
2021,0203.00 - Montréal,2021S05074620203.00,66000,57200,55600,48800,1470
2021,0204.00 - Montréal,2021S05074620204.00,64000,55600,55200,48400,1415
2021,0205.00 - Montréal,2021S05074620205.00,68500,56400,58400,48800,1120
2021,0206.00 - Montréal,2021S05074620206.00,64000,58800,55600,51200,1340
2021,0207.00 - Montréal,2021S05074620207.00,56400,46800,48400,41600,1815
2021,0208.00 - Montréal,2021S05074620208.00,61600,54400,53600,47200,1340
2021,0209.00 - Montréal,2021S05074620209.00,60800,49200,53200,44000,3175
2021,0210.00 - Montréal,2021S05074620210.00,63200,52800,54400,45200,2385
2021,0211.00 - Montréal,2021S05074620211.00,60800,50800,52400,44800,1295
2021,0212.00 - Montréal,2021S05074620212.00,65500,53600,55600,46800,1395
2021,0213.00 - Montréal,2021S05074620213.00,65000,56400,56000,48800,1315
2021,0214.00 - Montréal,2021S05074620214.00,68000,54000,58000,48000,1430
2021,0215.00 - Montréal,2021S05074620215.00,62400,55600,53600,47600,1655
2021,0216.00 - Montréal,2021S05074620216.00,63600,52000,54400,45600,1255
2021,0217.00 - Montréal,2021S05074620217.00,66000,54800,56800,47200,1385
2021,0218.00 - Montréal,2021S05074620218.00,62800,53600,55200,46800,1675
2021,0219.00 - Montréal,2021S05074620219.00,72000,58000,60800,50000,1620
2021,0220.00 - Montréal,2021S05074620220.00,47200,34400,43600,33200,2690
2021,0221.00 - Montréal,2021S05074620221.00,44800,35600,41600,34000,2775
2021,0222.00 - Montréal,2021S05074620222.00,49600,39200,45200,37600,1560
2021,0223.01 - Montréal,2021S05074620223.01,47600,39600,44000,37600,1560
2021,0223.02 - Montréal,2021S05074620223.02,54800,42400,49200,40800,1275
2021,0224.00 - Montréal,2021S05074620224.00,49200,38000,46000,36000,2435
2021,0225.00 - Montréal,2021S05074620225.00,72000,58400,60800,51600,665
2021,0226.00 - Montréal,2021S05074620226.00,73000,63600,61600,54000,1560
2021,0227.00 - Montréal,2021S05074620227.00,75500,66500,66000,57200,760
2021,0228.00 - Montréal,2021S05074620228.00,76000,64000,63200,55600,775
2021,0229.00 - Montréal,2021S05074620229.00,,0,,0,
2021,0230.00 - Montréal,2021S05074620230.00,66000,61200,57200,52800,950
2021,0231.00 - Montréal,2021S05074620231.00,72500,58000,61200,50400,850
2021,0232.00 - Montréal,2021S05074620232.00,82000,67500,68500,56800,2585
2021,0233.00 - Montréal,2021S05074620233.00,54800,45600,47600,41200,1180
2021,0234.00 - Montréal,2021S05074620234.00,47600,40000,43200,36000,1235
2021,0235.00 - Montréal,2021S05074620235.00,69500,58800,60000,50800,990
2021,0236.00 - Montréal,2021S05074620236.00,63200,50800,54400,45600,960
2021,0237.00 - Montréal,2021S05074620237.00,73000,65000,62800,56400,1765
2021,0238.00 - Montréal,2021S05074620238.00,70000,55200,59200,48800,1210
2021,0239.00 - Montréal,2021S05074620239.00,56800,45200,49600,40400,2500
2021,0240.00 - Montréal,2021S05074620240.00,52000,42000,47200,38000,1535
2021,0241.00 - Montréal,2021S05074620241.00,50800,44400,46000,40400,1360
2021,0242.00 - Montréal,2021S05074620242.00,54000,44000,48400,40800,3025
2021,0243.00 - Montréal,2021S05074620243.00,57200,48800,51600,44800,1775
2021,0244.00 - Montréal,2021S05074620244.00,60000,48400,53600,42800,1070
2021,0245.00 - Montréal,2021S05074620245.00,62000,47600,54400,42800,1550
2021,0247.00 - Montréal,2021S05074620247.00,73500,60800,62800,51200,1135
2021,0249.00 - Montréal,2021S05074620249.00,56000,45200,50000,41200,2160
2021,0250.00 - Montréal,2021S05074620250.00,57600,50800,50400,46400,1935
2021,0251.01 - Montréal,2021S05074620251.01,52000,45600,47200,42000,1520
2021,0251.02 - Montréal,2021S05074620251.02,48400,40800,44000,38000,1230
2021,0252.00 - Montréal,2021S05074620252.00,52400,44000,48000,40400,2360
2021,0253.00 - Montréal,2021S05074620253.00,60800,52000,54400,47200,1555
2021,0254.00 - Montréal,2021S05074620254.00,54000,45600,48800,42000,1825
2021,0256.00 - Montréal,2021S05074620256.00,58000,47600,53200,45200,1540
2021,0257.00 - Montréal,2021S05074620257.00,57200,46400,52800,44000,1700
2021,0258.00 - Montréal,2021S05074620258.00,55600,45200,52400,42800,1860
2021,0259.00 - Montréal,2021S05074620259.00,52000,40800,47600,38800,2470
2021,0260.00 - Montréal,2021S05074620260.00,58000,51600,53600,47600,895
2021,0261.00 - Montréal,2021S05074620261.00,54000,43600,50000,40400,1135
2021,0262.00 - Montréal,2021S05074620262.00,59600,47200,54800,44400,1835
2021,0263.00 - Montréal,2021S05074620263.00,56800,48800,51600,44800,1745
2021,0264.01 - Montréal,2021S05074620264.01,73500,70500,62800,60000,2465
2021,0264.02 - Montréal,2021S05074620264.02,77000,69500,64500,58000,2630
2021,0265.00 - Montréal,2021S05074620265.00,69000,59200,60000,52000,2215
2021,0266.00 - Montréal,2021S05074620266.00,56800,48800,50000,43600,1695
2021,0267.00 - Montréal,2021S05074620267.00,63600,54800,56000,50000,2750
2021,0268.01 - Montréal,2021S05074620268.01,58800,50000,52000,44800,2900
2021,0268.02 - Montréal,2021S05074620268.02,69000,57600,61200,52400,2540
2021,0268.03 - Montréal,2021S05074620268.03,66500,0,56800,0,280
2021,0269.00 - Montréal,2021S05074620269.00,53200,45600,48000,40800,2135
2021,0270.00 - Montréal,2021S05074620270.00,60000,52800,52000,46000,2515
2021,0271.00 - Montréal,2021S05074620271.00,82000,73000,69000,62000,1640
2021,0272.00 - Montréal,2021S05074620272.00,60000,52800,52400,46800,1830
2021,0273.00 - Montréal,2021S05074620273.00,61600,52000,54000,46400,2265
2021,0274.00 - Montréal,2021S05074620274.00,59200,50000,53200,45600,1380
2021,0275.00 - Montréal,2021S05074620275.00,58400,50800,51600,45600,2045
2021,0276.00 - Montréal,2021S05074620276.00,58800,53200,51200,46400,2570
2021,0277.00 - Montréal,2021S05074620277.00,51600,46000,44800,41200,2085
2021,0278.00 - Montréal,2021S05074620278.00,66000,58400,57200,50800,2080
2021,0279.00 - Montréal,2021S05074620279.00,66500,54000,57200,46800,2220
2021,0280.00 - Montréal,2021S05074620280.00,65500,55600,57200,48400,2165
2021,0281.00 - Montréal,2021S05074620281.00,92000,79500,75000,65500,1470
2021,0282.00 - Montréal,2021S05074620282.00,63600,54000,56800,48000,2790
2021,0283.01 - Montréal,2021S05074620283.01,77500,60800,67500,56000,1370
2021,0283.02 - Montréal,2021S05074620283.02,61200,51200,56000,47600,1225
2021,0284.00 - Montréal,2021S05074620284.00,58800,53600,51600,48000,1585
2021,0285.00 - Montréal,2021S05074620285.00,71000,56800,62800,52000,2325
2021,0286.00 - Montréal,2021S05074620286.00,64000,51600,58800,48400,2020
2021,0287.01 - Montréal,2021S05074620287.01,46800,39200,42000,36800,3145
2021,0287.02 - Montréal,2021S05074620287.02,79000,68000,69500,60400,1775
2021,0288.00 - Montréal,2021S05074620288.00,180000,170000,140000,135000,410
2021,0290.01 - Montréal,2021S05074620290.01,84000,75000,74000,66000,1040
2021,0290.02 - Montréal,2021S05074620290.02,77500,65000,68500,58800,2230
2021,0290.03 - Montréal,2021S05074620290.03,69000,60000,61200,53600,1785
2021,0290.04 - Montréal,2021S05074620290.04,87000,73000,75000,64000,2520
2021,0290.05 - Montréal,2021S05074620290.05,57600,52800,51600,47200,2325
2021,0290.06 - Montréal,2021S05074620290.06,74500,66000,66500,59200,2025
2021,0290.07 - Montréal,2021S05074620290.07,75000,62800,66000,57600,1580
2021,0290.08 - Montréal,2021S05074620290.08,88000,77000,76500,66500,1535
2021,0290.09 - Montréal,2021S05074620290.09,83000,71500,72500,64500,1780
2021,0291.01 - Montréal,2021S05074620291.01,89000,79000,78000,68000,1385
2021,0291.03 - Montréal,2021S05074620291.03,112000,98000,95000,82000,1955
2021,0291.04 - Montréal,2021S05074620291.04,118000,105000,99000,88000,1470
2021,0300.00 - Montréal,2021S05074620300.00,48400,41200,43600,37200,1360
2021,0301.00 - Montréal,2021S05074620301.00,67500,54000,57600,47600,2710
2021,0302.00 - Montréal,2021S05074620302.00,64500,47200,54800,41600,1565
2021,0303.00 - Montréal,2021S05074620303.00,60800,46400,52800,41600,1280
2021,0304.00 - Montréal,2021S05074620304.00,56000,46400,48800,42000,1755
2021,0305.00 - Montréal,2021S05074620305.00,62000,52400,53600,45600,2215
2021,0306.00 - Montréal,2021S05074620306.00,61200,50000,53600,45200,1510
2021,0307.00 - Montréal,2021S05074620307.00,58800,48800,51600,44000,1635
2021,0308.00 - Montréal,2021S05074620308.00,63600,52000,56400,46000,1375
2021,0309.00 - Montréal,2021S05074620309.00,78500,62800,65000,56000,625
2021,0310.00 - Montréal,2021S05074620310.00,73000,61600,62800,54000,1600
2021,0311.00 - Montréal,2021S05074620311.00,59200,48000,52800,43200,2050
2021,0312.00 - Montréal,2021S05074620312.00,66000,55600,56400,49200,1600
2021,0313.00 - Montréal,2021S05074620313.00,73000,62800,62800,54400,1505
2021,0314.00 - Montréal,2021S05074620314.00,74000,65500,64000,56000,1150
2021,0315.00 - Montréal,2021S05074620315.00,,,,,
2021,0316.00 - Montréal,2021S05074620316.00,116000,103000,94000,84000,845
2021,0317.03 - Montréal,2021S05074620317.03,113000,108000,88000,85000,2220
2021,0317.05 - Montréal,2021S05074620317.05,72500,66000,64500,57600,1485
2021,0317.06 - Montréal,2021S05074620317.06,97000,102000,78500,82000,2355
2021,0317.07 - Montréal,2021S05074620317.07,108000,106000,85000,84000,2710
2021,0317.08 - Montréal,2021S05074620317.08,70000,60800,60000,53200,1525
2021,0320.00 - Montréal,2021S05074620320.00,71000,62400,62000,54400,2180
2021,0321.00 - Montréal,2021S05074620321.00,65500,57600,56800,51200,1400
2021,0322.02 - Montréal,2021S05074620322.02,76500,67500,66000,57600,1680
2021,0322.03 - Montréal,2021S05074620322.03,56400,51200,50400,45200,2435
2021,0322.04 - Montréal,2021S05074620322.04,58400,56800,52800,50000,1405
2021,0323.00 - Montréal,2021S05074620323.00,62400,61200,54400,53600,1375
2021,0324.01 - Montréal,2021S05074620324.01,64500,54000,56400,48800,2040
2021,0324.02 - Montréal,2021S05074620324.02,65500,54800,58400,50000,1205
2021,0325.01 - Montréal,2021S05074620325.01,66500,57600,60400,52400,1485
2021,0325.02 - Montréal,2021S05074620325.02,59600,50800,53200,46400,2820
2021,0325.03 - Montréal,2021S05074620325.03,67500,58400,60000,52800,1545
2021,0325.05 - Montréal,2021S05074620325.05,62400,57600,55200,51200,4355
2021,0325.06 - Montréal,2021S05074620325.06,73000,68000,63600,58400,2265
2021,0326.01 - Montréal,2021S05074620326.01,66000,58400,59600,52000,1155
2021,0326.02 - Montréal,2021S05074620326.02,60400,50400,53600,44800,1645
2021,0326.03 - Montréal,2021S05074620326.03,66500,56800,60400,52400,1935
2021,0327.00 - Montréal,2021S05074620327.00,60400,53600,54400,48800,2145
2021,0328.00 - Montréal,2021S05074620328.00,46000,38000,42800,36400,795
2021,0329.00 - Montréal,2021S05074620329.00,67000,55600,58400,48800,1915
2021,0330.00 - Montréal,2021S05074620330.00,58000,48800,52000,44000,2470
2021,0340.00 - Montréal,2021S05074620340.00,127000,125000,101000,101000,1940
2021,0350.00 - Montréal,2021S05074620350.00,77500,68500,65500,58000,1165
2021,0351.00 - Montréal,2021S05074620351.00,82000,80000,68000,65500,2770
2021,0352.00 - Montréal,2021S05074620352.00,90000,81000,74000,65500,1250
2021,0353.00 - Montréal,2021S05074620353.00,149000,141000,115000,106000,1150
2021,0354.00 - Montréal,2021S05074620354.00,296000,292000,208000,214000,1005
2021,0355.00 - Montréal,2021S05074620355.00,178000,152000,138000,109000,595
2021,0356.00 - Montréal,2021S05074620356.00,360000,360000,240000,254000,660
2021,0360.00 - Montréal,2021S05074620360.00,274000,268000,190000,190000,690
2021,0361.00 - Montréal,2021S05074620361.00,66000,66000,58400,57600,760
2021,0362.00 - Montréal,2021S05074620362.00,166000,148000,128000,113000,815
2021,0363.00 - Montréal,2021S05074620363.00,95000,77000,79000,66000,1880
2021,0364.00 - Montréal,2021S05074620364.00,84000,65500,76500,59600,960
2021,0365.00 - Montréal,2021S05074620365.00,93000,81000,79000,69500,1270
2021,0366.00 - Montréal,2021S05074620366.00,117000,109000,94000,88000,1015
2021,0367.00 - Montréal,2021S05074620367.00,100000,100000,83000,80000,1850
2021,0370.00 - Montréal,2021S05074620370.00,150000,133000,118000,107000,2495
2021,0380.00 - Montréal,2021S05074620380.00,64000,57200,56000,50800,1925
2021,0381.00 - Montréal,2021S05074620381.00,56800,49600,52000,45200,2565
2021,0382.01 - Montréal,2021S05074620382.01,76000,73000,67000,64000,1695
2021,0382.02 - Montréal,2021S05074620382.02,104000,91000,91000,80000,1545
2021,0383.01 - Montréal,2021S05074620383.01,87000,80000,77500,70000,1275
2021,0383.02 - Montréal,2021S05074620383.02,73500,65500,64000,57200,4155
2021,0385.00 - Montréal,2021S05074620385.00,60400,53600,52000,47600,965
2021,0390.00 - Montréal,2021S05074620390.00,63200,50400,54400,43600,805
2021,0391.00 - Montréal,2021S05074620391.00,52000,43600,45600,39200,900
2021,0392.00 - Montréal,2021S05074620392.00,70500,60000,60000,51600,800
2021,0393.00 - Montréal,2021S05074620393.00,67000,59600,58400,52000,3285
2021,0394.00 - Montréal,2021S05074620394.00,59200,51600,52400,46000,2050
2021,0395.01 - Montréal,2021S05074620395.01,44800,33600,41600,32800,1155
2021,0395.02 - Montréal,2021S05074620395.02,58000,51600,51200,46000,3020
2021,0395.03 - Montréal,2021S05074620395.03,63600,59200,56000,50400,2405
2021,0396.00 - Montréal,2021S05074620396.00,78500,74000,67000,62800,2610
2021,0397.00 - Montréal,2021S05074620397.00,125000,106000,104000,87000,1425
2021,0400.00 - Montréal,2021S05074620400.00,127000,121000,102000,95000,2095
2021,0401.00 - Montréal,2021S05074620401.00,130000,119000,102000,93000,1160
2021,0402.00 - Montréal,2021S05074620402.00,82000,80000,69000,67000,855
2021,0403.00 - Montréal,2021S05074620403.00,129000,130000,105000,105000,1860
2021,0404.00 - Montréal,2021S05074620404.00,139000,132000,111000,104000,1765
2021,0410.01 - Montréal,2021S05074620410.01,72500,62400,63200,56000,2110
2021,0410.02 - Montréal,2021S05074620410.02,60800,53600,54000,46800,2705
2021,0410.03 - Montréal,2021S05074620410.03,86000,68000,76000,62000,575
2021,0412.00 - Montréal,2021S05074620412.00,78500,67000,69000,60000,2720
2021,0413.01 - Montréal,2021S05074620413.01,110000,103000,94000,86000,1375
2021,0413.02 - Montréal,2021S05074620413.02,69500,55600,62000,51600,1570
2021,0415.03 - Montréal,2021S05074620415.03,61200,52000,54400,47200,1800
2021,0415.04 - Montréal,2021S05074620415.04,61600,52800,54800,47200,2300
2021,0415.07 - Montréal,2021S05074620415.07,132000,136000,105000,106000,2810
2021,0415.08 - Montréal,2021S05074620415.08,102000,100000,83000,83000,1065
2021,0415.09 - Montréal,2021S05074620415.09,131000,125000,103000,101000,1075
2021,0415.10 - Montréal,2021S05074620415.10,120000,116000,97000,92000,1935
2021,0416.01 - Montréal,2021S05074620416.01,101000,89000,87000,76500,1400
2021,0416.02 - Montréal,2021S05074620416.02,78500,67000,72000,60000,1145
2021,0417.01 - Montréal,2021S05074620417.01,69500,59200,61600,54000,1915
2021,0417.02 - Montréal,2021S05074620417.02,68500,50400,62400,47600,895
2021,0418.00 - Montréal,2021S05074620418.00,65000,58000,56800,51600,2550
2021,0419.00 - Montréal,2021S05074620419.00,62000,47600,56400,44800,1685
2021,0420.00 - Montréal,2021S05074620420.00,82000,73000,73000,65000,1745
2021,0421.03 - Montréal,2021S05074620421.03,67000,52800,61200,49200,1135
2021,0421.04 - Montréal,2021S05074620421.04,54800,44800,50000,42000,1710
2021,0421.05 - Montréal,2021S05074620421.05,52400,42000,49600,39600,920
2021,0421.06 - Montréal,2021S05074620421.06,58400,48000,53600,44400,2020
2021,0430.00 - Montréal,2021S05074620430.00,65500,60400,55600,51200,3705
2021,0431.00 - Montréal,2021S05074620431.00,78500,69500,68000,60000,2385
2021,0432.00 - Montréal,2021S05074620432.00,107000,94000,89000,78500,1235
2021,0433.00 - Montréal,2021S05074620433.00,89000,78000,76000,67500,1390
2021,0440.00 - Montréal,2021S05074620440.00,,0,,0,
2021,0450.00 - Montréal,2021S05074620450.00,91000,88000,76000,72000,3270
2021,0451.00 - Montréal,2021S05074620451.00,88000,82000,74500,69000,2965
2021,0452.00 - Montréal,2021S05074620452.00,83000,77500,71000,66500,3230
2021,0453.01 - Montréal,2021S05074620453.01,105000,101000,88000,83000,2080
2021,0453.02 - Montréal,2021S05074620453.02,102000,90000,87000,76500,1765
2021,0460.00 - Montréal,2021S05074620460.00,147000,140000,117000,110000,1875
2021,0461.00 - Montréal,2021S05074620461.00,138000,130000,109000,104000,1040
2021,0462.01 - Montréal,2021S05074620462.01,118000,112000,96000,90000,1920
2021,0462.02 - Montréal,2021S05074620462.02,154000,155000,120000,121000,1920
2021,0470.01 - Montréal,2021S05074620470.01,113000,107000,93000,88000,2550
2021,0470.03 - Montréal,2021S05074620470.03,155000,152000,125000,121000,1580
2021,0470.04 - Montréal,2021S05074620470.04,116000,113000,97000,94000,1215
2021,0470.05 - Montréal,2021S05074620470.05,141000,143000,114000,113000,1320
2021,0480.00 - Montréal,2021S05074620480.00,145000,129000,116000,102000,1325
2021,0490.00 - Montréal,2021S05074620490.00,58000,48800,51600,43200,1355
2021,0491.00 - Montréal,2021S05074620491.00,144000,141000,116000,112000,745
2021,0500.00 - Montréal,2021S05074620500.00,147000,126000,112000,99000,355
2021,0511.01 - Montréal,2021S05074620511.01,99000,90000,85000,77000,1190
2021,0511.02 - Montréal,2021S05074620511.02,72500,60400,64500,54800,2435
2021,0512.02 - Montréal,2021S05074620512.02,82000,78500,70500,66500,1870
2021,0512.03 - Montréal,2021S05074620512.03,58000,55200,51200,48400,1285
2021,0512.04 - Montréal,2021S05074620512.04,82000,72000,71500,63200,2405
2021,0513.01 - Montréal,2021S05074620513.01,88000,69000,78000,61600,1690
2021,0513.02 - Montréal,2021S05074620513.02,63200,54800,57200,50000,1855
2021,0514.01 - Montréal,2021S05074620514.01,85000,73500,74500,64500,2670
2021,0514.02 - Montréal,2021S05074620514.02,94000,84000,82000,72500,2165
2021,0515.01 - Montréal,2021S05074620515.01,111000,107000,93000,90000,2210
2021,0515.02 - Montréal,2021S05074620515.02,103000,92000,87000,77500,1525
2021,0515.03 - Montréal,2021S05074620515.03,92000,89000,80000,75000,1245
2021,0515.04 - Montréal,2021S05074620515.04,87000,81000,75500,70500,1340
2021,0520.02 - Montréal,2021S05074620520.02,87000,74000,76500,65500,2510
2021,0520.03 - Montréal,2021S05074620520.03,79500,71000,70000,64000,1335
2021,0520.04 - Montréal,2021S05074620520.04,75000,62800,66500,57200,1725
2021,0521.01 - Montréal,2021S05074620521.01,79500,70500,69500,61200,1955
2021,0521.04 - Montréal,2021S05074620521.04,109000,97000,93000,82000,1720
2021,0521.05 - Montréal,2021S05074620521.05,145000,132000,120000,107000,1465
2021,0521.06 - Montréal,2021S05074620521.06,110000,107000,93000,88000,1925
2021,0521.07 - Montréal,2021S05074620521.07,118000,110000,98000,92000,1265
2021,0522.01 - Montréal,2021S05074620522.01,101000,93000,87000,78000,1315
2021,0522.02 - Montréal,2021S05074620522.02,85000,81000,73000,69000,1360
2021,0523.00 - Montréal,2021S05074620523.00,118000,106000,101000,90000,810
2021,0530.00 - Montréal,2021S05074620530.00,98000,88000,84000,74500,2180
2021,0540.00 - Montréal,2021S05074620540.00,55600,47600,49600,42800,1675
2021,0550.02 - Montréal,2021S05074620550.02,102000,87000,86000,73000,1265
2021,0550.03 - Montréal,2021S05074620550.03,129000,125000,106000,102000,2275
2021,0550.04 - Montréal,2021S05074620550.04,105000,100000,88000,83000,1805
2021,0570.00 - Montréal,2021S05074620570.00,64500,54400,57600,48400,2020
2021,0580.01 - Montréal,2021S05074620580.01,69000,68000,58800,58400,2325
2021,0580.02 - Montréal,2021S05074620580.02,75500,71500,64000,60000,1610
2021,0580.03 - Montréal,2021S05074620580.03,85000,86000,72000,72500,1595
2021,0581.01 - Montréal,2021S05074620581.01,82000,74500,71500,64500,2050
2021,0581.02 - Montréal,2021S05074620581.02,67000,58400,60000,51200,1535
2021,0582.01 - Montréal,2021S05074620582.01,62800,58000,55200,50000,3060
2021,0582.02 - Montréal,2021S05074620582.02,67000,61600,58800,54000,2655
2021,0583.00 - Montréal,2021S05074620583.00,75000,66000,65500,58400,1320
2021,0584.00 - Montréal,2021S05074620584.00,62000,54000,54400,48000,3330
2021,0585.01 - Montréal,2021S05074620585.01,99000,97000,83000,80000,900
2021,0585.02 - Montréal,2021S05074620585.02,59200,55600,52800,49200,1760
2021,0590.01 - Montréal,2021S05074620590.01,70500,61600,62400,55200,2250
2021,0590.02 - Montréal,2021S05074620590.02,63600,51600,58000,47200,1395
2021,0591.01 - Montréal,2021S05074620591.01,87000,75500,75000,64000,1040
2021,0591.02 - Montréal,2021S05074620591.02,79000,65500,68000,57600,1655
2021,0592.00 - Montréal,2021S05074620592.00,68500,58000,60800,52000,3095
2021,0593.01 - Montréal,2021S05074620593.01,56800,53600,49600,46800,2585
2021,0593.02 - Montréal,2021S05074620593.02,65000,54000,57600,48800,1980
2021,0594.01 - Montréal,2021S05074620594.01,59200,48400,51600,43200,1335
2021,0594.02 - Montréal,2021S05074620594.02,72500,66000,63200,56800,3390
2021,0600.01 - Montréal,2021S05074620600.01,66500,56400,59600,51600,1585
2021,0600.02 - Montréal,2021S05074620600.02,55200,46400,50000,42800,1715
2021,0600.03 - Montréal,2021S05074620600.03,58800,52400,53200,48000,2645
2021,0601.01 - Montréal,2021S05074620601.01,68500,58400,60800,53600,1325
2021,0601.02 - Montréal,2021S05074620601.02,61200,52800,54800,48000,1940
2021,0602.01 - Montréal,2021S05074620602.01,63200,56400,57200,51200,1620
2021,0602.02 - Montréal,2021S05074620602.02,60000,50800,53600,46400,1170
2021,0603.01 - Montréal,2021S05074620603.01,62400,53200,56800,47600,1465
2021,0603.02 - Montréal,2021S05074620603.02,65000,52000,57600,47600,1580
2021,0603.03 - Montréal,2021S05074620603.03,65000,54400,58000,50000,1230
2021,0604.01 - Montréal,2021S05074620604.01,92000,87000,79500,75000,1290
2021,0604.02 - Montréal,2021S05074620604.02,66500,54400,60000,49600,1720
2021,0604.03 - Montréal,2021S05074620604.03,67500,56400,60000,51600,1225
2021,0604.04 - Montréal,2021S05074620604.04,70000,55200,62800,51600,1335
2021,0604.05 - Montréal,2021S05074620604.05,78000,64500,68500,58000,1885
2021,0605.01 - Montréal,2021S05074620605.01,57200,48800,51600,45200,1595
2021,0605.02 - Montréal,2021S05074620605.02,97000,81000,83000,70000,730
2021,0605.03 - Montréal,2021S05074620605.03,64500,54400,58400,50000,2375
2021,0605.04 - Montréal,2021S05074620605.04,69000,60800,62000,54400,1915
2021,0605.05 - Montréal,2021S05074620605.05,73000,65000,64000,58000,920
2021,0610.01 - Montréal,2021S05074620610.01,54400,42000,50000,39600,2000
2021,0610.02 - Montréal,2021S05074620610.02,60800,51600,55600,48000,1815
2021,0610.03 - Montréal,2021S05074620610.03,60800,52000,54400,47600,2185
2021,0610.04 - Montréal,2021S05074620610.04,49200,38400,45600,36800,1745
2021,0610.05 - Montréal,2021S05074620610.05,48800,36400,44400,35200,2105
2021,0610.06 - Montréal,2021S05074620610.06,60400,51600,54800,48000,1130
2021,0610.07 - Montréal,2021S05074620610.07,45600,36000,42000,34400,1555
2021,0611.01 - Montréal,2021S05074620611.01,59200,48400,54000,44800,1185
2021,0611.02 - Montréal,2021S05074620611.02,61600,48800,56000,45200,2315
2021,0612.00 - Montréal,2021S05074620612.00,60400,48000,54400,44800,1920
2021,0613.00 - Montréal,2021S05074620613.00,58800,48000,53200,44400,3145
2021,0614.00 - Montréal,2021S05074620614.00,57600,46000,51200,41600,1720
2021,0615.00 - Montréal,2021S05074620615.00,58800,49600,53600,46000,2320
2021,0616.00 - Montréal,2021S05074620616.00,58000,46800,52800,43600,2695
2021,0617.01 - Montréal,2021S05074620617.01,66500,54800,59200,50000,2195
2021,0617.02 - Montréal,2021S05074620617.02,67000,55600,58800,50400,1625
2021,0618.00 - Montréal,2021S05074620618.00,53600,45200,48000,40400,1680
2021,0619.00 - Montréal,2021S05074620619.00,46000,38000,41600,34800,2990
2021,0625.01 - Montréal,2021S05074620625.01,92000,80000,80000,69500,2175
2021,0625.02 - Montréal,2021S05074620625.02,100000,84000,86000,72000,2640
2021,0626.00 - Montréal,2021S05074620626.00,108000,94000,90000,79000,2675
2021,0627.00 - Montréal,2021S05074620627.00,65500,56400,57200,50000,2755
2021,0628.01 - Montréal,2021S05074620628.01,82000,71500,70500,62400,1975
2021,0628.02 - Montréal,2021S05074620628.02,76500,67000,66000,58800,1580
2021,0629.00 - Montréal,2021S05074620629.00,99000,88000,84000,74500,1330
2021,0630.01 - Montréal,2021S05074620630.01,117000,103000,97000,86000,1305
2021,0630.02 - Montréal,2021S05074620630.02,115000,107000,95000,89000,1950
2021,0631.00 - Montréal,2021S05074620631.00,128000,119000,105000,98000,2600
2021,0632.01 - Montréal,2021S05074620632.01,85000,75000,74500,65500,2015
2021,0632.02 - Montréal,2021S05074620632.02,87000,74500,74500,64500,1870
2021,0632.03 - Montréal,2021S05074620632.03,93000,84000,78500,71500,1810
2021,0632.04 - Montréal,2021S05074620632.04,82000,75500,70500,65000,3005
2021,0633.00 - Montréal,2021S05074620633.00,92000,82000,79500,69000,2035
2021,0634.00 - Montréal,2021S05074620634.00,77500,70000,66500,60400,1345
2021,0635.00 - Montréal,2021S05074620635.00,60400,55200,53200,48800,2410
2021,0636.00 - Montréal,2021S05074620636.00,70000,58000,61600,52400,3075
2021,0637.01 - Montréal,2021S05074620637.01,85000,76500,75000,66500,1895
2021,0637.02 - Montréal,2021S05074620637.02,60800,53600,53600,47600,2190
2021,0638.01 - Montréal,2021S05074620638.01,67000,58400,58800,51600,2525
2021,0638.02 - Montréal,2021S05074620638.02,86000,68500,76000,60800,840
2021,0638.03 - Montréal,2021S05074620638.03,66000,55600,59200,49600,1955
2021,0638.04 - Montréal,2021S05074620638.04,56800,46400,50400,41600,3155
2021,0639.00 - Montréal,2021S05074620639.00,62800,58800,54000,50800,1990
2021,0640.00 - Montréal,2021S05074620640.00,70500,56800,62000,50000,1805
2021,0641.01 - Montréal,2021S05074620641.01,63600,56000,55600,49600,4100
2021,0641.02 - Montréal,2021S05074620641.02,79000,75000,66500,62800,2005
2021,0642.00 - Montréal,2021S05074620642.00,69000,60000,60800,52800,3275
2021,0643.01 - Montréal,2021S05074620643.01,102000,114000,86000,92000,2975
2021,0643.02 - Montréal,2021S05074620643.02,67000,60800,57200,51600,5355
2021,0643.03 - Montréal,2021S05074620643.03,63600,54000,55600,48400,2455
2021,0644.00 - Montréal,2021S05074620644.00,82000,68500,69500,59600,520
2021,0645.00 - Montréal,2021S05074620645.00,46000,43200,42400,38800,2260
2021,0646.01 - Montréal,2021S05074620646.01,53200,43600,48800,40400,1565
2021,0646.02 - Montréal,2021S05074620646.02,67000,56000,59600,50800,1585
2021,0646.03 - Montréal,2021S05074620646.03,56800,47600,50000,42800,1875
2021,0647.01 - Montréal,2021S05074620647.01,62400,57600,53600,50000,1990
2021,0647.02 - Montréal,2021S05074620647.02,62000,55600,54400,49600,3500
2021,0648.00 - Montréal,2021S05074620648.00,74500,60400,67500,56000,1880
2021,0649.01 - Montréal,2021S05074620649.01,75000,66500,66500,59600,980
2021,0649.02 - Montréal,2021S05074620649.02,72000,58800,65000,54400,1980
2021,0650.01 - Montréal,2021S05074620650.01,75000,61200,67000,55600,1585
2021,0650.02 - Montréal,2021S05074620650.02,68500,53600,62400,49600,1525
2021,0650.04 - Montréal,2021S05074620650.04,81000,73000,69000,62800,2685
2021,0650.05 - Montréal,2021S05074620650.05,82000,66500,72000,59600,1460
2021,0651.01 - Montréal,2021S05074620651.01,88000,79000,77000,68500,2340
2021,0651.02 - Montréal,2021S05074620651.02,110000,96000,94000,80000,2595
2021,0652.01 - Montréal,2021S05074620652.01,107000,99000,91000,82000,3305
2021,0652.04 - Montréal,2021S05074620652.04,105000,93000,89000,78500,1520
2021,0652.06 - Montréal,2021S05074620652.06,115000,106000,96000,87000,1460
2021,0652.07 - Montréal,2021S05074620652.07,115000,108000,96000,89000,3365
2021,0652.08 - Montréal,2021S05074620652.08,120000,110000,100000,90000,1610
2021,0652.09 - Montréal,2021S05074620652.09,109000,95000,94000,82000,1295
2021,0653.00 - Montréal,2021S05074620653.00,128000,127000,107000,102000,365
2021,0654.00 - Montréal,2021S05074620654.00,176000,188000,132000,142000,355
2021,0655.01 - Montréal,2021S05074620655.01,80000,70000,70000,60800,1745
2021,0655.02 - Montréal,2021S05074620655.02,87000,78000,75500,67000,2505
2021,0656.01 - Montréal,2021S05074620656.01,76500,83000,67000,70500,3250
2021,0656.03 - Montréal,2021S05074620656.03,92000,83000,80000,71000,1430
2021,0656.04 - Montréal,2021S05074620656.04,119000,110000,101000,91000,2350
2021,0657.01 - Montréal,2021S05074620657.01,80000,72500,69000,62400,1475
2021,0657.02 - Montréal,2021S05074620657.02,90000,80000,78000,68500,2135
2021,0657.03 - Montréal,2021S05074620657.03,107000,99000,91000,84000,1415
2021,0658.01 - Montréal,2021S05074620658.01,79500,72500,70000,63200,1710
2021,0658.02 - Montréal,2021S05074620658.02,95000,90000,81000,74500,1205
2021,0658.03 - Montréal,2021S05074620658.03,97000,91000,83000,77000,3035
2021,0659.04 - Montréal,2021S05074620659.04,135000,133000,112000,107000,1645
2021,0659.05 - Montréal,2021S05074620659.05,116000,110000,95000,90000,2735
2021,0659.06 - Montréal,2021S05074620659.06,73000,79500,63600,67500,1820
2021,0659.08 - Montréal,2021S05074620659.08,103000,93000,86000,77500,2335
2021,0659.09 - Montréal,2021S05074620659.09,131000,116000,109000,96000,980
2021,0659.10 - Montréal,2021S05074620659.10,150000,134000,122000,109000,1020
2021,0659.11 - Montréal,2021S05074620659.11,88000,74000,75000,64000,2825
2021,0660.01 - Montréal,2021S05074620660.01,128000,118000,106000,97000,1800
2021,0660.02 - Montréal,2021S05074620660.02,85000,73500,74000,64000,2180
2021,0660.03 - Montréal,2021S05074620660.03,103000,97000,86000,81000,2770
2021,0661.01 - Montréal,2021S05074620661.01,102000,89000,86000,75500,3590
2021,0661.03 - Montréal,2021S05074620661.03,114000,105000,95000,87000,1525
2021,0661.04 - Montréal,2021S05074620661.04,92000,84000,79000,71500,1785
2021,0662.00 - Montréal,2021S05074620662.00,94000,87000,80000,72500,1850
2021,0675.00 - Montréal,2021S05074620675.00,60400,56000,52400,48800,3470
2021,0676.01 - Montréal,2021S05074620676.01,93000,84000,78000,71000,1430
2021,0676.02 - Montréal,2021S05074620676.02,93000,87000,81000,73500,1125
2021,0676.03 - Montréal,2021S05074620676.03,92000,86000,78000,73500,925
2021,0676.04 - Montréal,2021S05074620676.04,100000,95000,85000,79000,1180
2021,0677.01 - Montréal,2021S05074620677.01,76000,71000,65500,61200,2665
2021,0677.02 - Montréal,2021S05074620677.02,60800,56000,53600,49200,2610
2021,0677.05 - Montréal,2021S05074620677.05,127000,121000,105000,98000,1660
2021,0677.07 - Montréal,2021S05074620677.07,86000,79500,73500,67000,1595
2021,0677.09 - Montréal,2021S05074620677.09,97000,90000,82000,76500,1700
2021,0677.10 - Montréal,2021S05074620677.10,98000,94000,82000,78500,1835
2021,0677.11 - Montréal,2021S05074620677.11,148000,137000,121000,110000,1200
2021,0677.12 - Montréal,2021S05074620677.12,122000,109000,102000,91000,1570
2021,0677.13 - Montréal,2021S05074620677.13,92000,88000,78000,73000,1625
2021,0677.14 - Montréal,2021S05074620677.14,112000,109000,94000,91000,1150
2021,0681.00 - Montréal,2021S05074620681.00,83000,78500,71000,66000,1465
2021,0682.02 - Montréal,2021S05074620682.02,70000,66500,60000,57200,1215
2021,0682.04 - Montréal,2021S05074620682.04,87000,77500,74000,66500,1380
2021,0682.05 - Montréal,2021S05074620682.05,91000,86000,78000,74000,1130
2021,0682.06 - Montréal,2021S05074620682.06,110000,99000,93000,83000,1775
2021,0682.07 - Montréal,2021S05074620682.07,87000,0,74500,0,1330
2021,0682.08 - Montréal,2021S05074620682.08,102000,0,85000,0,1610
2021,0683.00 - Montréal,2021S05074620683.00,66000,60400,57600,53200,3150
2021,0684.05 - Montréal,2021S05074620684.05,109000,107000,91000,88000,2675
2021,0684.08 - Montréal,2021S05074620684.08,122000,110000,101000,90000,1935
2021,0684.09 - Montréal,2021S05074620684.09,112000,97000,95000,82000,1205
2021,0684.10 - Montréal,2021S05074620684.10,96000,88000,81000,72500,1565
2021,0684.11 - Montréal,2021S05074620684.11,86000,78000,73500,66500,1790
2021,0684.12 - Montréal,2021S05074620684.12,70000,74000,59200,61200,1465
2021,0684.13 - Montréal,2021S05074620684.13,130000,117000,108000,96000,2045
2021,0684.14 - Montréal,2021S05074620684.14,108000,116000,89000,95000,770
2021,0685.02 - Montréal,2021S05074620685.02,88000,79000,75500,67000,1665
2021,0685.03 - Montréal,2021S05074620685.03,70500,68000,60400,57600,3305
2021,0685.04 - Montréal,2021S05074620685.04,104000,94000,88000,78500,1130
2021,0685.05 - Montréal,2021S05074620685.05,87000,77500,74000,66000,1740
2021,0685.07 - Montréal,2021S05074620685.07,114000,102000,95000,85000,2055
2021,0685.09 - Montréal,2021S05074620685.09,86000,0,73500,0,1405
2021,0685.10 - Montréal,2021S05074620685.10,87000,0,73000,0,2020
2021,0685.11 - Montréal,2021S05074620685.11,125000,118000,102000,96000,895
2021,0686.01 - Montréal,2021S05074620686.01,106000,94000,88000,78500,2965
2021,0686.02 - Montréal,2021S05074620686.02,96000,84000,82000,71000,1540
2021,0686.03 - Montréal,2021S05074620686.03,94000,83000,80000,71000,1270
2021,0687.01 - Montréal,2021S05074620687.01,102000,93000,87000,78000,1675
2021,0687.04 - Montréal,2021S05074620687.04,95000,86000,81000,73000,1820
2021,0687.06 - Montréal,2021S05074620687.06,89000,82000,77000,69000,2170
2021,0687.07 - Montréal,2021S05074620687.07,94000,95000,80000,79500,2345
2021,0687.09 - Montréal,2021S05074620687.09,102000,91000,86000,77500,1310
2021,0687.11 - Montréal,2021S05074620687.11,96000,81000,82000,69500,1175
2021,0687.12 - Montréal,2021S05074620687.12,115000,102000,99000,85000,1950
2021,0687.13 - Montréal,2021S05074620687.13,109000,95000,92000,79000,2135
2021,0687.14 - Montréal,2021S05074620687.14,121000,140000,99000,111000,2430
2021,0688.02 - Montréal,2021S05074620688.02,77500,72500,67000,62000,1500
2021,0688.03 - Montréal,2021S05074620688.03,72500,69500,63600,61600,2320
2021,0688.04 - Montréal,2021S05074620688.04,88000,80000,76500,69000,2065
2021,0689.01 - Montréal,2021S05074620689.01,93000,83000,79500,71500,2500
2021,0689.02 - Montréal,2021S05074620689.02,90000,76500,76500,67000,1330
2021,0689.04 - Montréal,2021S05074620689.04,92000,80000,80000,68500,2035
2021,0689.05 - Montréal,2021S05074620689.05,98000,83000,84000,70500,1025
2021,0689.06 - Montréal,2021S05074620689.06,86000,74500,74500,64000,1865
2021,0690.00 - Montréal,2021S05074620690.00,84000,75500,72000,65000,3370
2021,0691.00 - Montréal,2021S05074620691.00,80000,73000,69500,63200,2465
2021,0692.01 - Montréal,2021S05074620692.01,106000,96000,89000,80000,2625
2021,0692.02 - Montréal,2021S05074620692.02,78000,74000,67500,65000,960
2021,0693.00 - Montréal,2021S05074620693.00,58800,52800,52000,47200,2570
2021,0694.01 - Montréal,2021S05074620694.01,102000,91000,87000,76500,1645
2021,0694.02 - Montréal,2021S05074620694.02,100000,89000,84000,74500,1410
2021,0700.01 - Montréal,2021S05074620700.01,60000,49600,52800,44000,2480
2021,0700.03 - Montréal,2021S05074620700.03,67000,56800,60400,51200,1265
2021,0700.04 - Montréal,2021S05074620700.04,63600,56000,55200,49200,2290
2021,0701.01 - Montréal,2021S05074620701.01,89000,85000,74000,69000,1365
2021,0701.02 - Montréal,2021S05074620701.02,80000,69000,69000,60000,2890
2021,0702.01 - Montréal,2021S05074620702.01,121000,110000,99000,90000,1025
2021,0702.02 - Montréal,2021S05074620702.02,131000,127000,107000,101000,2370
2021,0703.02 - Montréal,2021S05074620703.02,110000,104000,90000,85000,1630
2021,0703.03 - Montréal,2021S05074620703.03,117000,108000,95000,88000,1660
2021,0703.04 - Montréal,2021S05074620703.04,130000,123000,106000,100000,1960
2021,0704.01 - Montréal,2021S05074620704.01,64000,54400,56000,48000,2435
2021,0704.04 - Montréal,2021S05074620704.04,99000,94000,84000,78500,1665
2021,0704.05 - Montréal,2021S05074620704.05,103000,98000,86000,81000,2310
2021,0704.06 - Montréal,2021S05074620704.06,104000,91000,88000,75500,825
2021,0704.08 - Montréal,2021S05074620704.08,94000,80000,82000,72000,1485
2021,0704.09 - Montréal,2021S05074620704.09,81000,88000,69000,73000,2705
2021,0705.01 - Montréal,2021S05074620705.01,126000,118000,102000,95000,1235
2021,0705.02 - Montréal,2021S05074620705.02,66500,60800,57600,52800,2325
2021,0706.00 - Montréal,2021S05074620706.00,53200,46400,46800,41600,2250
2021,0707.00 - Montréal,2021S05074620707.00,53200,45200,47200,40400,2535
2021,0708.01 - Montréal,2021S05074620708.01,63200,55600,55200,48800,2260
2021,0708.02 - Montréal,2021S05074620708.02,74000,68000,63600,58400,2085
2021,0709.01 - Montréal,2021S05074620709.01,88000,88000,74000,73500,3930
2021,0709.02 - Montréal,2021S05074620709.02,85000,74500,72500,64000,2665
2021,0710.03 - Montréal,2021S05074620710.03,97000,87000,82000,74500,3305
2021,0710.05 - Montréal,2021S05074620710.05,143000,137000,113000,110000,3225
2021,0710.06 - Montréal,2021S05074620710.06,113000,108000,94000,87000,1290
2021,0710.07 - Montréal,2021S05074620710.07,97000,93000,82000,78000,1900
2021,0710.08 - Montréal,2021S05074620710.08,83000,75000,71500,63200,1725
2021,0710.09 - Montréal,2021S05074620710.09,196000,194000,149000,147000,1615
2021,0710.10 - Montréal,2021S05074620710.10,141000,147000,114000,116000,1730
2021,0710.11 - Montréal,2021S05074620710.11,102000,93000,86000,78000,1050
2021,0725.03 - Montréal,2021S05074620725.03,81000,73500,71000,63600,1475
2021,0725.04 - Montréal,2021S05074620725.04,89000,82000,74500,69000,1435
2021,0725.06 - Montréal,2021S05074620725.06,94000,77000,79000,68000,1015
2021,0725.07 - Montréal,2021S05074620725.07,109000,103000,91000,85000,2195
2021,0725.09 - Montréal,2021S05074620725.09,107000,101000,90000,85000,1190
2021,0725.10 - Montréal,2021S05074620725.10,86000,82000,72000,67000,2070
2021,0726.01 - Montréal,2021S05074620726.01,69000,64500,61200,56000,2945
2021,0726.03 - Montréal,2021S05074620726.03,64500,57600,56800,50800,2250
2021,0726.04 - Montréal,2021S05074620726.04,101000,97000,86000,82000,695
2021,0727.01 - Montréal,2021S05074620727.01,52400,48000,46800,43200,1710
2021,0727.02 - Montréal,2021S05074620727.02,64500,51600,56000,46000,1985
2021,0728.01 - Montréal,2021S05074620728.01,95000,87000,79500,73500,2560
2021,0728.02 - Montréal,2021S05074620728.02,87000,80000,74000,68500,1815
2021,0728.03 - Montréal,2021S05074620728.03,89000,82000,76000,69000,1070
2021,0729.00 - Montréal,2021S05074620729.00,67500,59200,58400,52400,1825
2021,0730.01 - Montréal,2021S05074620730.01,106000,97000,89000,80000,4915
2021,0730.02 - Montréal,2021S05074620730.02,83000,75000,71000,64500,2590
2021,0731.00 - Montréal,2021S05074620731.00,78000,65500,68500,57200,2590
2021,0732.01 - Montréal,2021S05074620732.01,94000,87000,79000,73500,2745
2021,0732.03 - Montréal,2021S05074620732.03,,0,,0,
2021,0732.04 - Montréal,2021S05074620732.04,86000,77000,74000,66000,1615
2021,0733.01 - Montréal,2021S05074620733.01,80000,71500,70000,61600,1730
2021,0733.02 - Montréal,2021S05074620733.02,71500,62800,61600,54400,780
2021,0734.03 - Montréal,2021S05074620734.03,105000,95000,87000,80000,2310
2021,0734.04 - Montréal,2021S05074620734.04,82000,81000,70500,69000,1710
2021,0734.05 - Montréal,2021S05074620734.05,105000,103000,87000,84000,4340
2021,0734.06 - Montréal,2021S05074620734.06,86000,75500,74000,65000,1985
2021,0734.07 - Montréal,2021S05074620734.07,88000,82000,74500,68500,5795
2021,0735.01 - Montréal,2021S05074620735.01,75000,72000,64500,61600,3140
2021,0735.02 - Montréal,2021S05074620735.02,88000,79000,75000,67500,3790
2021,0740.01 - Montréal,2021S05074620740.01,73000,66500,63200,56800,1125
2021,0740.03 - Montréal,2021S05074620740.03,95000,86000,80000,72500,2860
2021,0740.04 - Montréal,2021S05074620740.04,103000,89000,86000,75000,3775
2021,0750.01 - Montréal,2021S05074620750.01,118000,108000,97000,89000,2030
2021,0750.02 - Montréal,2021S05074620750.02,122000,117000,100000,96000,2040
2021,0750.04 - Montréal,2021S05074620750.04,82000,81000,70000,68500,810
2021,0750.06 - Montréal,2021S05074620750.06,69000,61200,58400,52800,2705
2021,0750.07 - Montréal,2021S05074620750.07,87000,77500,73500,66000,2290
2021,0751.01 - Montréal,2021S05074620751.01,87000,79500,74000,67500,2790
2021,0751.02 - Montréal,2021S05074620751.02,104000,98000,88000,82000,2845
2021,0755.01 - Montréal,2021S05074620755.01,81000,72000,69000,61600,3920
2021,0755.03 - Montréal,2021S05074620755.03,77000,89000,65500,74500,1895
2021,0755.04 - Montréal,2021S05074620755.04,100000,0,85000,0,2135
2021,0755.05 - Montréal,2021S05074620755.05,112000,0,93000,0,1785
2021,0756.02 - Montréal,2021S05074620756.02,99000,87000,85000,72500,400
2021,0756.03 - Montréal,2021S05074620756.03,120000,111000,100000,91000,2485
2021,0756.04 - Montréal,2021S05074620756.04,93000,88000,78500,74500,2340
2021,0756.05 - Montréal,2021S05074620756.05,71500,69500,61600,58400,3035
2021,0757.00 - Montréal,2021S05074620757.00,101000,92000,84000,76500,2335
2021,0758.03 - Montréal,2021S05074620758.03,134000,124000,109000,99000,1480
2021,0758.04 - Montréal,2021S05074620758.04,146000,131000,115000,104000,1930
2021,0758.05 - Montréal,2021S05074620758.05,131000,123000,107000,99000,1525
2021,0758.06 - Montréal,2021S05074620758.06,102000,95000,87000,79500,2815
2021,0760.00 - Montréal,2021S05074620760.00,98000,88000,83000,74000,2755
2021,0775.00 - Montréal,2021S05074620775.00,95000,81000,80000,68500,990
2021,0776.00 - Montréal,2021S05074620776.00,75000,65500,65500,57200,1675
2021,0777.01 - Montréal,2021S05074620777.01,72000,63200,62400,54800,2170
2021,0777.02 - Montréal,2021S05074620777.02,63200,55600,55600,49600,2445
2021,0780.00 - Montréal,2021S05074620780.00,66500,52400,58000,46800,1780
2021,0781.00 - Montréal,2021S05074620781.00,43200,36400,39600,34000,3320
2021,0782.00 - Montréal,2021S05074620782.00,50000,44400,45600,40000,1815
2021,0783.00 - Montréal,2021S05074620783.00,47200,41600,43200,38800,3475
2021,0784.00 - Montréal,2021S05074620784.00,41200,34800,38000,32800,2000
2021,0785.00 - Montréal,2021S05074620785.00,52400,43600,46800,40000,2735
2021,0786.00 - Montréal,2021S05074620786.00,62800,54800,55200,49200,2055
2021,0787.01 - Montréal,2021S05074620787.01,92000,85000,78000,72000,1290
2021,0787.02 - Montréal,2021S05074620787.02,65000,60400,57600,53200,2365
2021,0788.00 - Montréal,2021S05074620788.00,52400,48800,47200,43600,2905
2021,0789.01 - Montréal,2021S05074620789.01,83000,72500,70500,62400,2160
2021,0789.02 - Montréal,2021S05074620789.02,72000,67000,62800,58000,1810
2021,0790.01 - Montréal,2021S05074620790.01,81000,76500,69500,65000,2045
2021,0790.02 - Montréal,2021S05074620790.02,74000,68000,63600,58400,1705
2021,0791.01 - Montréal,2021S05074620791.01,97000,95000,81000,79500,1260
2021,0791.02 - Montréal,2021S05074620791.02,90000,81000,76000,67000,2765
2021,0792.00 - Montréal,2021S05074620792.00,85000,81000,73500,68500,1885
2021,0800.01 - Montréal,2021S05074620800.01,88000,80000,75500,66500,2040
2021,0800.02 - Montréal,2021S05074620800.02,63600,61200,55600,54000,2460
2021,0801.00 - Montréal,2021S05074620801.00,77500,69500,68000,61200,2995
2021,0802.00 - Montréal,2021S05074620802.00,81000,67000,70000,58400,1330
2021,0804.01 - Montréal,2021S05074620804.01,78000,72000,67000,62400,3215
2021,0804.02 - Montréal,2021S05074620804.02,100000,88000,84000,74500,820
2021,0805.01 - Montréal,2021S05074620805.01,83000,76000,70500,64500,2060
2021,0805.02 - Montréal,2021S05074620805.02,71000,63600,62800,56400,1615
2021,0806.01 - Montréal,2021S05074620806.01,70500,62800,62800,56000,1430
2021,0806.02 - Montréal,2021S05074620806.02,93000,84000,79000,72000,1940
2021,0807.01 - Montréal,2021S05074620807.01,107000,97000,90000,81000,3410
2021,0807.02 - Montréal,2021S05074620807.02,90000,81000,76500,69500,1990
2021,0825.02 - Montréal,2021S05074620825.02,73500,68500,65500,59600,1555
2021,0825.03 - Montréal,2021S05074620825.03,62400,55200,56000,50400,2540
2021,0825.04 - Montréal,2021S05074620825.04,72000,64000,63200,57200,2195
2021,0825.05 - Montréal,2021S05074620825.05,69500,64000,62400,56800,2140
2021,0825.06 - Montréal,2021S05074620825.06,91000,79000,79000,68500,1925
2021,0825.07 - Montréal,2021S05074620825.07,87000,84000,73500,69500,2890
2021,0825.08 - Montréal,2021S05074620825.08,86000,81000,70500,67500,1645
2021,0826.02 - Montréal,2021S05074620826.02,97000,89000,84000,75000,1735
2021,0826.05 - Montréal,2021S05074620826.05,93000,87000,79000,74500,1635
2021,0826.06 - Montréal,2021S05074620826.06,80000,69000,71000,61200,1480
2021,0826.07 - Montréal,2021S05074620826.07,79500,76000,66000,65000,2160
2021,0826.08 - Montréal,2021S05074620826.08,109000,109000,91000,89000,1225
2021,0826.09 - Montréal,2021S05074620826.09,114000,108000,94000,90000,1175
2021,0826.10 - Montréal,2021S05074620826.10,89000,84000,76000,72000,2270
2021,0826.11 - Montréal,2021S05074620826.11,77000,64500,68000,57200,1595
2021,0826.13 - Montréal,2021S05074620826.13,113000,115000,96000,94000,1340
2021,0826.15 - Montréal,2021S05074620826.15,84000,0,70500,0,3645
2021,0826.16 - Montréal,2021S05074620826.16,101000,0,85000,0,1530
2021,0827.02 - Montréal,2021S05074620827.02,61200,55600,53600,48800,3735
2021,0827.03 - Montréal,2021S05074620827.03,111000,105000,92000,87000,2800
2021,0827.04 - Montréal,2021S05074620827.04,115000,120000,95000,97000,4515
2021,0828.03 - Montréal,2021S05074620828.03,104000,99000,87000,80000,1970
2021,0828.04 - Montréal,2021S05074620828.04,80000,76000,69000,65000,2340
2021,0828.05 - Montréal,2021S05074620828.05,147000,152000,116000,120000,2920
2021,0828.06 - Montréal,2021S05074620828.06,132000,129000,108000,102000,1505
2021,0829.00 - Montréal,2021S05074620829.00,87000,87000,74000,74000,3480
2021,0830.01 - Montréal,2021S05074620830.01,85000,78000,72000,66500,2910
2021,0830.03 - Montréal,2021S05074620830.03,89000,83000,75500,69500,2285
2021,0830.04 - Montréal,2021S05074620830.04,95000,90000,80000,74500,1710
2021,0831.03 - Montréal,2021S05074620831.03,75500,71000,65500,61200,2240
2021,0831.04 - Montréal,2021S05074620831.04,97000,88000,83000,74000,1810
2021,0831.05 - Montréal,2021S05074620831.05,110000,106000,91000,87000,1740
2021,0831.07 - Montréal,2021S05074620831.07,88000,77000,76500,66000,1240
2021,0831.08 - Montréal,2021S05074620831.08,111000,106000,93000,88000,3785
2021,0831.09 - Montréal,2021S05074620831.09,111000,102000,94000,85000,1445
2021,0832.00 - Montréal,2021S05074620832.00,,0,,0,
2021,0833.00 - Montréal,2021S05074620833.00,103000,86000,86000,72500,2860
2021,0834.00 - Montréal,2021S05074620834.00,94000,79500,80000,68000,1075
2021,0850.03 - Montréal,2021S05074620850.03,81000,75000,70500,63600,2110
2021,0850.04 - Montréal,2021S05074620850.04,130000,123000,107000,100000,1705
2021,0850.05 - Montréal,2021S05074620850.05,102000,93000,86000,77500,1365
2021,0850.06 - Montréal,2021S05074620850.06,101000,93000,86000,78500,2000
2021,0850.07 - Montréal,2021S05074620850.07,126000,122000,102000,99000,2435
2021,0851.00 - Montréal,2021S05074620851.00,74500,65500,63600,56000,2790
2021,0852.02 - Montréal,2021S05074620852.02,100000,79000,84000,67000,385
2021,0852.03 - Montréal,2021S05074620852.03,133000,119000,107000,97000,800
2021,0852.04 - Montréal,2021S05074620852.04,115000,100000,95000,83000,2065
2021,0852.05 - Montréal,2021S05074620852.05,137000,124000,111000,100000,1030
2021,0853.02 - Montréal,2021S05074620853.02,103000,94000,86000,78000,2165
2021,0853.03 - Montréal,2021S05074620853.03,97000,92000,81000,76000,2440
2021,0853.04 - Montréal,2021S05074620853.04,126000,114000,104000,93000,1955
2021,0854.01 - Montréal,2021S05074620854.01,142000,132000,112000,104000,1975
2021,0854.02 - Montréal,2021S05074620854.02,128000,121000,102000,97000,2350
2021,0855.01 - Montréal,2021S05074620855.01,108000,100000,90000,82000,1930
2021,0855.03 - Montréal,2021S05074620855.03,84000,76500,70000,63600,3045
2021,0855.04 - Montréal,2021S05074620855.04,180000,170000,139000,131000,1150
2021,0856.00 - Montréal,2021S05074620856.00,75500,78000,64500,65500,1770
2021,0857.01 - Montréal,2021S05074620857.01,75500,75500,65500,65000,2295
2021,0857.02 - Montréal,2021S05074620857.02,83000,74000,72000,65000,1670
2021,0857.06 - Montréal,2021S05074620857.06,89000,81000,76000,69000,2245
2021,0857.07 - Montréal,2021S05074620857.07,112000,104000,94000,87000,2700
2021,0857.08 - Montréal,2021S05074620857.08,65000,59200,56400,51600,2955
2021,0857.09 - Montréal,2021S05074620857.09,94000,93000,78000,78000,2320
2021,0857.10 - Montréal,2021S05074620857.10,102000,103000,86000,85000,3105
2021,0857.11 - Montréal,2021S05074620857.11,87000,81000,73500,68500,1505
2021,0857.12 - Montréal,2021S05074620857.12,92000,82000,80000,69500,1520
2021,0858.01 - Montréal,2021S05074620858.01,90000,81000,78000,69000,1855
2021,0858.02 - Montréal,2021S05074620858.02,77500,67000,68000,58800,1580
2021,0858.04 - Montréal,2021S05074620858.04,105000,93000,88000,79500,2055
2021,0858.05 - Montréal,2021S05074620858.05,104000,91000,88000,77500,1175
2021,0859.00 - Montréal,2021S05074620859.00,81000,63200,70500,56400,1200
2021,0860.01 - Montréal,2021S05074620860.01,85000,76500,74000,65500,2440
2021,0860.02 - Montréal,2021S05074620860.02,75000,66000,65500,58000,1600
2021,0861.00 - Montréal,2021S05074620861.00,60800,56000,53600,49600,3320
2021,0862.00 - Montréal,2021S05074620862.00,83000,78500,69000,63600,3160
2021,0863.01 - Montréal,2021S05074620863.01,96000,96000,81000,78000,1595
2021,0863.02 - Montréal,2021S05074620863.02,73000,72000,61200,58800,3700
2021,0864.00 - Montréal,2021S05074620864.00,129000,120000,102000,94000,2095
2021,0865.00 - Montréal,2021S05074620865.00,52000,43200,46400,38800,990
2021,0866.00 - Montréal,2021S05074620866.00,50800,42800,45200,38000,1750
2021,0867.00 - Montréal,2021S05074620867.00,60800,50800,53200,45200,3365
2021,0868.01 - Montréal,2021S05074620868.01,77500,69500,68000,60800,2470
2021,0868.02 - Montréal,2021S05074620868.02,65000,53600,57600,48800,2860
2021,0869.00 - Montréal,2021S05074620869.00,80000,84000,69000,71000,1300
2021,0870.01 - Montréal,2021S05074620870.01,67000,58000,59600,51200,1600
2021,0870.02 - Montréal,2021S05074620870.02,65500,59200,58000,53200,1015
2021,0871.01 - Montréal,2021S05074620871.01,58400,50400,50800,45600,1795
2021,0871.02 - Montréal,2021S05074620871.02,77500,70000,68000,62000,840
2021,0872.00 - Montréal,2021S05074620872.00,58800,50400,52400,45200,3040
2021,0873.01 - Montréal,2021S05074620873.01,54400,46000,49600,42400,1990
2021,0873.02 - Montréal,2021S05074620873.02,53600,46000,48400,42000,2255
2021,0874.00 - Montréal,2021S05074620874.00,61200,51200,54000,46000,2385
2021,0875.00 - Montréal,2021S05074620875.00,52800,46000,46400,41200,2520
2021,0876.01 - Montréal,2021S05074620876.01,60000,46000,54000,42400,1685
2021,0876.04 - Montréal,2021S05074620876.04,124000,113000,102000,92000,2930
2021,0876.05 - Montréal,2021S05074620876.05,89000,82000,75000,68500,4095
2021,0876.06 - Montréal,2021S05074620876.06,72500,65500,63200,56800,2480
2021,0876.07 - Montréal,2021S05074620876.07,74500,75500,63600,64500,1045
2021,0877.01 - Montréal,2021S05074620877.01,89000,87000,74000,71000,4185
2021,0877.02 - Montréal,2021S05074620877.02,69500,60800,61200,53200,2635
2021,0878.00 - Montréal,2021S05074620878.00,53600,45200,48400,40400,2735
2021,0879.01 - Montréal,2021S05074620879.01,52000,45600,47200,41200,1785
2021,0879.02 - Montréal,2021S05074620879.02,67000,60800,56800,52000,1960
2021,0880.00 - Montréal,2021S05074620880.00,57600,52400,50800,45600,2185
2021,0881.01 - Montréal,2021S05074620881.01,58400,48400,51600,44400,1825
2021,0881.02 - Montréal,2021S05074620881.02,58800,48400,51200,43600,1870
2021,0882.00 - Montréal,2021S05074620882.00,56800,48400,50000,43200,1405
2021,0883.00 - Montréal,2021S05074620883.00,59200,52400,52400,46000,1375
2021,0884.01 - Montréal,2021S05074620884.01,62400,57600,53600,50000,1955
2021,0884.02 - Montréal,2021S05074620884.02,56400,49200,49200,43200,4360
2021,0885.00 - Montréal,2021S05074620885.00,63600,60000,54800,51200,1880
2021,0886.01 - Montréal,2021S05074620886.01,74500,68500,63200,58800,1505
2021,0886.02 - Montréal,2021S05074620886.02,105000,103000,87000,84000,1265
2021,0886.03 - Montréal,2021S05074620886.03,62800,54800,54800,48000,1645
2021,0887.03 - Montréal,2021S05074620887.03,131000,123000,106000,99000,1335
2021,0887.04 - Montréal,2021S05074620887.04,94000,85000,78000,70500,2305
2021,0887.05 - Montréal,2021S05074620887.05,114000,105000,93000,86000,1870
2021,0887.06 - Montréal,2021S05074620887.06,140000,140000,111000,109000,1685
2021,0887.07 - Montréal,2021S05074620887.07,,0,,0,
2021,0888.01 - Montréal,2021S05074620888.01,125000,116000,97000,92000,1340
2021,0888.02 - Montréal,2021S05074620888.02,132000,127000,106000,102000,2035
2021,0888.03 - Montréal,2021S05074620888.03,121000,130000,97000,100000,2125
2021,0889.01 - Montréal,2021S05074620889.01,63600,58000,54800,50000,1285
2021,0889.02 - Montréal,2021S05074620889.02,88000,86000,74500,72000,1340
2021,0889.03 - Montréal,2021S05074620889.03,104000,94000,86000,77000,1975
2021,0900.00 - Montréal,2021S05074620900.00,78500,71500,68500,61200,2155
2021,0901.01 - Montréal,2021S05074620901.01,71000,67000,61600,57200,2315
2021,0901.02 - Montréal,2021S05074620901.02,92000,86000,77500,72500,1760
2021,0901.03 - Montréal,2021S05074620901.03,111000,109000,91000,89000,3915
2021,0902.00 - Montréal,2021S05074620902.00,86000,79500,72500,66500,2410
2021,0903.01 - Montréal,2021S05074620903.01,95000,93000,79000,76000,2965
2021,0903.04 - Montréal,2021S05074620903.04,96000,88000,82000,73500,1615
2021,0903.05 - Montréal,2021S05074620903.05,103000,95000,86000,78500,1455
2021,0903.08 - Montréal,2021S05074620903.08,107000,101000,89000,84000,1020
2021,0903.09 - Montréal,2021S05074620903.09,89000,79500,75500,67500,2580
2021,0903.10 - Montréal,2021S05074620903.10,95000,85000,81000,72500,2525
2021,0903.11 - Montréal,2021S05074620903.11,147000,138000,118000,110000,1275
2021,0903.12 - Montréal,2021S05074620903.12,115000,117000,95000,94000,2415
2021,0903.13 - Montréal,2021S05074620903.13,114000,106000,94000,87000,1170
2021,0903.14 - Montréal,2021S05074620903.14,105000,98000,89000,82000,870
2021,0904.02 - Montréal,2021S05074620904.02,90000,78000,75000,65500,2180
2021,0904.03 - Montréal,2021S05074620904.03,107000,103000,89000,85000,1815
2021,0904.04 - Montréal,2021S05074620904.04,115000,108000,95000,89000,1340
2021,0904.05 - Montréal,2021S05074620904.05,87000,82000,75500,70000,1545
2021,0904.06 - Montréal,2021S05074620904.06,119000,117000,99000,96000,1535
2021,0926.01 - Montréal,2021S05074620926.01,77500,68000,67000,58800,2415
2021,0926.02 - Montréal,2021S05074620926.02,85000,75000,72000,64000,1975
2021,0929.01 - Montréal,2021S05074620929.01,98000,89000,82000,74000,1600
2021,0929.02 - Montréal,2021S05074620929.02,110000,101000,92000,84000,1735
2021,0930.02 - Montréal,2021S05074620930.02,93000,88000,77500,73000,4000
2021,0930.03 - Montréal,2021S05074620930.03,119000,115000,98000,94000,970
2021,0930.04 - Montréal,2021S05074620930.04,115000,110000,94000,89000,2795
2021,1000.00 - Montréal,2021S05074621000.00,75000,65000,66000,57600,2285
2021,1001.00 - Montréal,2021S05074621001.00,86000,74500,72500,64500,1295
2021,1002.00 - Montréal,2021S05074621002.00,90000,82000,75500,69500,2390
2021,1003.00 - Montréal,2021S05074621003.00,91000,87000,77000,72500,2930
2021,1004.00 - Montréal,2021S05074621004.00,79500,73500,68000,62000,2410
2021,1005.00 - Montréal,2021S05074621005.00,87000,81000,73500,68000,3990
2021,1006.01 - Montréal,2021S05074621006.01,68000,58000,60000,52000,3145
2021,1006.02 - Montréal,2021S05074621006.02,79500,70000,69500,60800,2725
2021,1006.03 - Montréal,2021S05074621006.03,86000,73500,74500,63600,3420
2021,1009.00 - Montréal,2021S05074621009.00,82000,68500,70500,59600,2165
2021,2001.00 - Montréal,2021S05074622001.00,93000,83000,79500,70000,3285
2021,2002.00 - Montréal,2021S05074622002.00,88000,82000,75500,71000,170
2021,2003.00 - Montréal,2021S05074622003.00,,0,,0,
2021,2004.00 - Montréal,2021S05074622004.00,56800,46000,51200,42000,1510
2021,2005.00 - Montréal,2021S05074622005.00,58400,48000,50800,43600,1940
2021,2006.00 - Montréal,2021S05074622006.00,,0,,0,
2021,2007.00 - Montréal,2021S05074622007.00,45200,34000,40400,31000,800
2021,2008.00 - Montréal,2021S05074622008.00,50800,40400,45200,36400,1375
2021,2009.00 - Montréal,2021S05074622009.00,73000,67000,62800,57200,2570
2021,2010.00 - Montréal,2021S05074622010.00,,0,,0,
2021,2011.00 - Montréal,2021S05074622011.00,44800,37200,40400,34000,1220
2021,2012.00 - Montréal,2021S05074622012.00,47600,44000,42400,38000,945
2021,2013.00 - Montréal,2021S05074622013.00,82000,72500,70500,62000,1705
2021,2014.00 - Montréal,2021S05074622014.00,55600,53600,48400,47200,1920
2021,2015.00 - Montréal,2021S05074622015.00,40400,35600,37200,33600,3140
2021,2100.00 - Montréal,2021S05074622100.00,110000,100000,92000,83000,715
2021,2101.00 - Montréal,2021S05074622101.00,94000,78500,80000,69000,390
2021,2102.00 - Montréal,2021S05074622102.00,104000,95000,86000,79500,400
2021,2103.00 - Montréal,2021S05074622103.00,74000,71000,65500,61600,740
2021,2200.00 - Montréal,2021S05074622200.00,98000,90000,83000,75000,2195
2021,2201.00 - Montréal,2021S05074622201.00,99000,89000,83000,75500,1715
2021,2202.00 - Montréal,2021S05074622202.00,95000,96000,81000,79000,3180
2021,2203.00 - Montréal,2021S05074622203.00,117000,99000,98000,82000,1450
2021,2204.00 - Montréal,2021S05074622204.00,105000,90000,89000,74500,365
2021,2205.00 - Montréal,2021S05074622205.00,90000,85000,76000,71000,1710
2021,2206.00 - Montréal,2021S05074622206.00,117000,103000,98000,84000,665
2021,2207.00 - Montréal,2021S05074622207.00,119000,107000,98000,87000,335
2021,2300.00 - Montréal,2021S05074622300.00,72000,64500,63200,56400,1285
2021,2301.00 - Montréal,2021S05074622301.00,51200,42800,46000,38400,1545
2021,2302.00 - Montréal,2021S05074622302.00,63600,59200,57200,52000,1200
2021,2303.00 - Montréal,2021S05074622303.00,,0,,0,
2021,2304.00 - Montréal,2021S05074622304.00,92000,84000,78000,71000,445
2021,2400.00 - Montréal,2021S05074622400.00,80000,68500,69500,60000,1145
2021,2401.00 - Montréal,2021S05074622401.00,100000,88000,84000,74500,1545
2021,2402.00 - Montréal,2021S05074622402.00,111000,105000,93000,87000,1305
