ct_uid,ct_dguid,ct_name,cma_uid,csd_uid,csd_name,mamh_code,blocks,population_2021,dwellings_2021,land_area_km2,has_income_2020
4620001.00,2021S05074620001.00,0001.00,462,2466023,Montréal,66023,26,2684,1463,0.4645,true
4620002.00,2021S05074620002.00,0002.00,462,2466023,Montréal,66023,30,3780,2022,0.3858,true
4620003.00,2021S05074620003.00,0003.00,462,2466023,Montréal,66023,52,6600,3174,0.74,true
4620004.00,2021S05074620004.00,0004.00,462,2466023,Montréal,66023,33,3355,1744,0.4468,true
4620005.00,2021S05074620005.00,0005.00,462,2466023,Montréal,66023,26,3175,1774,0.5652,true
4620006.00,2021S05074620006.00,0006.00,462,2466023,Montréal,66023,23,4611,2162,0.6461,true
4620007.00,2021S05074620007.00,0007.00,462,2466023,Montréal,66023,74,5655,2997,1.09,true
4620008.00,2021S05074620008.00,0008.00,462,2466023,Montréal,66023,32,3104,1605,0.6212,true
4620009.00,2021S05074620009.00,0009.00,462,2466023,Montréal,66023,51,3554,1807,4.2914,true
4620010.00,2021S05074620010.00,0010.00,462,2466023,Montréal,66023,30,1494,781,0.9274,true
4620011.00,2021S05074620011.00,0011.00,462,2466023,Montréal,66023,41,6439,2953,1.2489,true
4620012.01,2021S05074620012.01,0012.01,462,2466023,Montréal,66023,8,2547,1343,0.2377,true
4620012.02,2021S05074620012.02,0012.02,462,2466023,Montréal,66023,13,4163,2182,0.3964,true
4620013.00,2021S05074620013.00,0013.00,462,2466023,Montréal,66023,39,5694,3239,1.084,true
4620014.02,2021S05074620014.02,0014.02,462,2466023,Montréal,66023,5,0,0,0.8719,false
4620014.03,2021S05074620014.03,0014.03,462,2466023,Montréal,66023,16,3363,1861,0.4106,true
4620014.04,2021S05074620014.04,0014.04,462,2466023,Montréal,66023,19,4187,2591,0.4903,true
4620015.00,2021S05074620015.00,0015.00,462,2466023,Montréal,66023,20,4089,2373,0.3728,true
4620016.00,2021S05074620016.00,0016.00,462,2466023,Montréal,66023,18,2470,1317,0.5127,true
4620017.00,2021S05074620017.00,0017.00,462,2466023,Montréal,66023,14,2131,1235,0.2243,true
4620018.00,2021S05074620018.00,0018.00,462,2466023,Montréal,66023,20,2013,1203,0.3673,true
4620019.00,2021S05074620019.00,0019.00,462,2466023,Montréal,66023,28,2398,1454,0.3321,true
4620021.00,2021S05074620021.00,0021.00,462,2466023,Montréal,66023,18,3028,1734,0.4499,true
4620022.00,2021S05074620022.00,0022.00,462,2466023,Montréal,66023,11,1527,914,0.1703,true
4620023.00,2021S05074620023.00,0023.00,462,2466023,Montréal,66023,20,1238,725,0.3607,true
4620024.00,2021S05074620024.00,0024.00,462,2466023,Montréal,66023,18,2544,1474,0.2775,true
4620025.00,2021S05074620025.00,0025.00,462,2466023,Montréal,66023,17,3018,1646,0.2234,true
4620026.00,2021S05074620026.00,0026.00,462,2466023,Montréal,66023,8,2519,1604,0.1749,true
4620027.00,2021S05074620027.00,0027.00,462,2466023,Montréal,66023,7,1629,992,0.0949,true
4620028.00,2021S05074620028.00,0028.00,462,2466023,Montréal,66023,6,2058,1217,0.1572,true
4620029.00,2021S05074620029.00,0029.00,462,2466023,Montréal,66023,16,4027,2224,0.4013,true
4620030.00,2021S05074620030.00,0030.00,462,2466023,Montréal,66023,11,3506,2215,0.3016,true
4620031.00,2021S05074620031.00,0031.00,462,2466023,Montréal,66023,9,2803,1648,0.2573,true
4620032.00,2021S05074620032.00,0032.00,462,2466023,Montréal,66023,7,1497,1043,0.1229,true
4620033.00,2021S05074620033.00,0033.00,462,2466023,Montréal,66023,10,1752,1053,0.1532,true
4620034.00,2021S05074620034.00,0034.00,462,2466023,Montréal,66023,23,2825,1653,0.214,true
4620035.00,2021S05074620035.00,0035.00,462,2466023,Montréal,66023,10,2015,1198,0.1814,true
4620036.00,2021S05074620036.00,0036.00,462,2466023,Montréal,66023,12,2103,1297,0.1856,true
4620037.00,2021S05074620037.00,0037.00,462,2466023,Montréal,66023,17,3452,2271,0.4999,true
4620038.00,2021S05074620038.00,0038.00,462,2466023,Montréal,66023,17,1976,1054,0.2103,true
4620039.00,2021S05074620039.00,0039.00,462,2466023,Montréal,66023,26,2142,1424,0.4738,true
4620040.00,2021S05074620040.00,0040.00,462,2466023,Montréal,66023,52,0,0,2.1695,false
4620041.00,2021S05074620041.00,0041.00,462,2466023,Montréal,66023,29,1814,1128,0.2584,true
4620042.00,2021S05074620042.00,0042.00,462,2466023,Montréal,66023,11,1145,850,0.1026,true
4620043.00,2021S05074620043.00,0043.00,462,2466023,Montréal,66023,14,1385,895,0.3527,true
4620044.00,2021S05074620044.00,0044.00,462,2466023,Montréal,66023,13,2164,1398,0.1364,true
4620045.00,2021S05074620045.00,0045.00,462,2466023,Montréal,66023,13,1493,1080,0.1174,true
4620046.00,2021S05074620046.00,0046.00,462,2466023,Montréal,66023,12,2143,1384,0.1591,true
4620047.00,2021S05074620047.00,0047.00,462,2466023,Montréal,66023,16,728,421,0.1183,true
4620048.00,2021S05074620048.00,0048.00,462,2466023,Montréal,66023,8,2302,1422,0.1403,true
4620049.00,2021S05074620049.00,0049.00,462,2466023,Montréal,66023,6,1399,863,0.1642,true
4620050.00,2021S05074620050.00,0050.00,462,2466023,Montréal,66023,5,1364,787,0.0706,true
4620051.00,2021S05074620051.00,0051.00,462,2466023,Montréal,66023,16,1907,1346,0.214,true
4620052.00,2021S05074620052.00,0052.00,462,2466023,Montréal,66023,13,2208,1410,0.1393,true
4620053.00,2021S05074620053.00,0053.00,462,2466023,Montréal,66023,7,1385,1093,0.1078,true
4620054.00,2021S05074620054.00,0054.00,462,2466023,Montréal,66023,22,1444,935,0.1505,true
4620055.01,2021S05074620055.01,0055.01,462,2466023,Montréal,66023,87,5726,4252,0.7361,true
4620055.02,2021S05074620055.02,0055.02,462,2466023,Montréal,66023,18,559,325,1.2455,true
4620056.00,2021S05074620056.00,0056.00,462,2466023,Montréal,66023,22,1963,1402,0.2883,true
4620057.00,2021S05074620057.00,0057.00,462,2466023,Montréal,66023,16,1963,1285,0.1456,true
4620058.00,2021S05074620058.00,0058.00,462,2466023,Montréal,66023,15,1251,787,0.1514,true
4620059.00,2021S05074620059.00,0059.00,462,2466023,Montréal,66023,19,1428,1024,0.2027,true
4620060.00,2021S05074620060.00,0060.00,462,2466023,Montréal,66023,2,1082,753,0.0914,true
4620061.00,2021S05074620061.00,0061.00,462,2466023,Montréal,66023,17,1325,872,0.217,true
4620062.00,2021S05074620062.00,0062.00,462,2466023,Montréal,66023,78,4679,3943,0.8289,true
4620063.00,2021S05074620063.00,0063.00,462,2466023,Montréal,66023,20,5477,5006,0.3634,true
4620064.00,2021S05074620064.00,0064.00,462,2466023,Montréal,66023,15,1949,1612,0.2401,true
4620065.01,2021S05074620065.01,0065.01,462,2466023,Montréal,66023,20,6388,4929,0.1369,true
4620065.02,2021S05074620065.02,0065.02,462,2466023,Montréal,66023,12,3629,2602,0.1453,true
4620066.01,2021S05074620066.01,0066.01,462,2466023,Montréal,66023,13,3684,2506,0.2288,true
4620066.02,2021S05074620066.02,0066.02,462,2466023,Montréal,66023,17,3178,2356,0.1806,true
4620067.00,2021S05074620067.00,0067.00,462,2466023,Montréal,66023,15,1839,864,0.1466,true
4620068.00,2021S05074620068.00,0068.00,462,2466023,Montréal,66023,13,1901,703,0.1611,true
4620069.01,2021S05074620069.01,0069.01,462,2466023,Montréal,66023,35,4563,3347,0.435,true
4620069.02,2021S05074620069.02,0069.02,462,2466023,Montréal,66023,15,4206,2923,0.2597,true
4620070.01,2021S05074620070.01,0070.01,462,2466023,Montréal,66023,33,3767,2876,0.2613,true
4620070.02,2021S05074620070.02,0070.02,462,2466023,Montréal,66023,39,5908,3994,0.3576,true
4620071.00,2021S05074620071.00,0071.00,462,2466023,Montréal,66023,12,0,1,0.4409,false
4620072.00,2021S05074620072.00,0072.00,462,2466023,Montréal,66023,44,3634,1973,2.5945,true
4620073.00,2021S05074620073.00,0073.00,462,2466023,Montréal,66023,19,1936,1199,0.3262,true
4620074.00,2021S05074620074.00,0074.00,462,2466023,Montréal,66023,23,3631,1835,0.4014,true
4620075.00,2021S05074620075.00,0075.00,462,2466023,Montréal,66023,20,2675,1491,0.3075,true
4620076.00,2021S05074620076.00,0076.00,462,2466023,Montréal,66023,19,3305,1929,0.3662,true
4620077.00,2021S05074620077.00,0077.00,462,2466023,Montréal,66023,22,4025,2213,0.4206,true
4620078.00,2021S05074620078.00,0078.00,462,2466023,Montréal,66023,28,3955,2276,0.3717,true
4620079.00,2021S05074620079.00,0079.00,462,2466023,Montréal,66023,41,4579,2817,0.5952,true
4620080.00,2021S05074620080.00,0080.00,462,2466023,Montréal,66023,7,782,434,0.0901,true
4620081.00,2021S05074620081.00,0081.00,462,2466023,Montréal,66023,18,3553,2353,0.2629,true
4620082.00,2021S05074620082.00,0082.00,462,2466023,Montréal,66023,15,2186,1233,0.2977,true
4620083.00,2021S05074620083.00,0083.00,462,2466023,Montréal,66023,23,3406,2039,0.4154,true
4620084.00,2021S05074620084.00,0084.00,462,2466023,Montréal,66023,16,2793,1492,0.3457,true
4620085.00,2021S05074620085.00,0085.00,462,2466023,Montréal,66023,36,747,387,1.1835,true
4620086.00,2021S05074620086.00,0086.00,462,2466023,Montréal,66023,27,3934,2144,0.527,true
4620087.00,2021S05074620087.00,0087.00,462,2466023,Montréal,66023,15,3221,1688,0.2627,true
4620088.00,2021S05074620088.00,0088.00,462,2466023,Montréal,66023,27,3585,2000,0.338,true
4620089.00,2021S05074620089.00,0089.00,462,2466023,Montréal,66023,28,4916,2584,0.526,true
4620090.00,2021S05074620090.00,0090.00,462,2466023,Montréal,66023,20,4589,2271,0.4356,true
4620091.00,2021S05074620091.00,0091.00,462,2466023,Montréal,66023,6,0,0,0.9908,false
4620092.00,2021S05074620092.00,0092.00,462,2466023,Montréal,66023,23,5984,2971,0.5584,true
4620093.00,2021S05074620093.00,0093.00,462,2466023,Montréal,66023,16,3253,1679,0.7339,true
4620094.01,2021S05074620094.01,0094.01,462,2466023,Montréal,66023,49,6306,3415,1.8074,true
4620094.02,2021S05074620094.02,0094.02,462,2466023,Montréal,66023,24,10,6,1.8959,false
4620095.00,2021S05074620095.00,0095.00,462,2466023,Montréal,66023,12,2147,1319,0.2193,true
4620096.00,2021S05074620096.00,0096.00,462,2466023,Montréal,66023,14,2370,1238,0.1903,true
4620097.01,2021S05074620097.01,0097.01,462,2466023,Montréal,66023,18,6174,3566,0.3488,true
4620097.02,2021S05074620097.02,0097.02,462,2466023,Montréal,66023,13,4133,2300,0.3883,true
4620098.00,2021S05074620098.00,0098.00,462,2466023,Montréal,66023,42,5466,2473,1.0374,true
4620099.00,2021S05074620099.00,0099.00,462,2466023,Montréal,66023,37,5742,2842,0.6914,true
4620100.01,2021S05074620100.01,0100.01,462,2466023,Montréal,66023,19,4147,2047,0.4581,true
4620100.02,2021S05074620100.02,0100.02,462,2466023,Montréal,66023,16,3442,1618,0.3556,true
4620101.01,2021S05074620101.01,0101.01,462,2466023,Montréal,66023,15,4082,2021,0.3535,true
4620101.02,2021S05074620101.02,0101.02,462,2466023,Montréal,66023,18,3728,1710,0.3587,true
4620102.00,2021S05074620102.00,0102.00,462,2466023,Montréal,66023,21,4254,2184,0.5899,true
4620103.00,2021S05074620103.00,0103.00,462,2466023,Montréal,66023,14,2325,1127,0.333,true
4620104.00,2021S05074620104.00,0104.00,462,2466023,Montréal,66023,17,2818,1167,0.3798,true
4620105.00,2021S05074620105.00,0105.00,462,2466023,Montréal,66023,16,3425,1703,0.3033,true
4620106.00,2021S05074620106.00,0106.00,462,2466023,Montréal,66023,15,2107,979,0.2375,true
4620107.00,2021S05074620107.00,0107.00,462,2466023,Montréal,66023,7,1539,900,0.1553,true
4620108.00,2021S05074620108.00,0108.00,462,2466023,Montréal,66023,16,3947,1769,0.564,true
4620109.00,2021S05074620109.00,0109.00,462,2466023,Montréal,66023,7,1907,1085,0.1667,true
4620110.00,2021S05074620110.00,0110.00,462,2466023,Montréal,66023,12,4212,2313,0.2457,true
4620111.00,2021S05074620111.00,0111.00,462,2466023,Montréal,66023,41,7142,3416,0.7499,true
4620112.01,2021S05074620112.01,0112.01,462,2466023,Montréal,66023,28,5718,2209,0.6303,true
4620112.02,2021S05074620112.02,0112.02,462,2466023,Montréal,66023,13,4192,2133,0.2763,true
4620113.00,2021S05074620113.00,0113.00,462,2466023,Montréal,66023,33,4987,2324,0.4955,true
4620114.00,2021S05074620114.00,0114.00,462,2466023,Montréal,66023,11,2183,988,0.2833,true
4620115.01,2021S05074620115.01,0115.01,462,2466023,Montréal,66023,8,2080,972,0.219,true
4620115.02,2021S05074620115.02,0115.02,462,2466023,Montréal,66023,19,5957,3916,0.427,true
4620116.00,2021S05074620116.00,0116.00,462,2466023,Montréal,66023,21,6765,3402,0.6414,true
4620117.00,2021S05074620117.00,0117.00,462,2466023,Montréal,66023,9,4243,1628,0.2705,true
4620118.00,2021S05074620118.00,0118.00,462,2466023,Montréal,66023,12,4396,1684,0.3038,true
4620119.00,2021S05074620119.00,0119.00,462,2466023,Montréal,66023,16,6142,2562,0.5754,true
4620120.01,2021S05074620120.01,0120.01,462,2466023,Montréal,66023,53,7337,3967,2.6314,true
4620120.02,2021S05074620120.02,0120.02,462,2466058,Côte-Saint-Luc,66058,8,1114,590,0.1971,true
4620121.00,2021S05074620121.00,0121.00,462,2466023,Montréal,66023,30,2078,723,0.3831,true
4620122.00,2021S05074620122.00,0122.00,462,2466023,Montréal,66023,18,6517,3323,0.6683,true
4620123.00,2021S05074620123.00,0123.00,462,2466023,Montréal,66023,18,6480,3526,0.4104,true
4620124.00,2021S05074620124.00,0124.00,462,2466023,Montréal,66023,17,5872,2978,0.3786,true
4620125.00,2021S05074620125.00,0125.00,462,2466023,Montréal,66023,21,6344,2975,0.475,true
4620126.00,2021S05074620126.00,0126.00,462,2466023,Montréal,66023,16,2280,1151,0.7457,true
4620127.01,2021S05074620127.01,0127.01,462,2466023,Montréal,66023,26,5578,3873,0.4861,true
4620127.02,2021S05074620127.02,0127.02,462,2466023,Montréal,66023,1,21,10,1.3204,false
4620128.00,2021S05074620128.00,0128.00,462,2466023,Montréal,66023,48,3839,2248,3.0037,true
4620129.01,2021S05074620129.01,0129.01,462,2466023,Montréal,66023,10,4249,2977,0.2844,true
4620129.02,2021S05074620129.02,0129.02,462,2466023,Montréal,66023,15,3602,2931,0.3587,true
4620130.00,2021S05074620130.00,0130.00,462,2466023,Montréal,66023,11,3017,2826,0.1535,true
4620131.00,2021S05074620131.00,0131.00,462,2466023,Montréal,66023,7,3201,2683,0.1047,true
4620132.00,2021S05074620132.00,0132.00,462,2466023,Montréal,66023,19,5151,3796,0.2671,true
4620133.00,2021S05074620133.00,0133.00,462,2466023,Montréal,66023,12,2645,1802,0.1455,true
4620134.00,2021S05074620134.00,0134.00,462,2466023,Montréal,66023,5,1136,745,0.0861,true
4620135.00,2021S05074620135.00,0135.00,462,2466023,Montréal,66023,9,1717,956,0.1205,true
4620136.00,2021S05074620136.00,0136.00,462,2466023,Montréal,66023,20,2861,1675,0.1815,true
4620137.00,2021S05074620137.00,0137.00,462,2466023,Montréal,66023,10,1165,739,0.1823,true
4620138.00,2021S05074620138.00,0138.00,462,2466023,Montréal,66023,10,2077,1214,0.2788,true
4620139.00,2021S05074620139.00,0139.00,462,2466023,Montréal,66023,20,3223,1897,0.2205,true
4620140.00,2021S05074620140.00,0140.00,462,2466023,Montréal,66023,9,1388,744,0.1181,true
4620141.00,2021S05074620141.00,0141.00,462,2466023,Montréal,66023,9,1722,909,0.1201,true
4620142.00,2021S05074620142.00,0142.00,462,2466023,Montréal,66023,10,1683,976,0.1101,true
4620143.00,2021S05074620143.00,0143.00,462,2466023,Montréal,66023,16,2691,1602,0.173,true
4620144.00,2021S05074620144.00,0144.00,462,2466023,Montréal,66023,17,3542,2229,0.191,true
4620145.00,2021S05074620145.00,0145.00,462,2466023,Montréal,66023,5,0,0,0.4128,false
4620146.00,2021S05074620146.00,0146.00,462,2466023,Montréal,66023,14,2455,1556,0.1415,true
4620147.00,2021S05074620147.00,0147.00,462,2466023,Montréal,66023,21,2905,1710,0.1681,true
4620148.00,2021S05074620148.00,0148.00,462,2466023,Montréal,66023,7,1223,511,0.1425,true
4620149.00,2021S05074620149.00,0149.00,462,2466023,Montréal,66023,10,3238,2032,0.1383,true
4620150.00,2021S05074620150.00,0150.00,462,2466023,Montréal,66023,8,2412,1488,0.1646,true
4620151.00,2021S05074620151.00,0151.00,462,2466023,Montréal,66023,11,2124,1166,0.1171,true
4620152.00,2021S05074620152.00,0152.00,462,2466023,Montréal,66023,10,1650,1000,0.1364,true
4620153.00,2021S05074620153.00,0153.00,462,2466023,Montréal,66023,12,812,497,0.2683,true
4620154.00,2021S05074620154.00,0154.00,462,2466023,Montréal,66023,4,1104,616,0.1244,true
4620155.00,2021S05074620155.00,0155.00,462,2466023,Montréal,66023,6,1813,1083,0.106,true
4620156.00,2021S05074620156.00,0156.00,462,2466023,Montréal,66023,11,1955,1188,0.1375,true
4620157.00,2021S05074620157.00,0157.00,462,2466023,Montréal,66023,16,2152,1218,0.161,true
4620158.00,2021S05074620158.00,0158.00,462,2466023,Montréal,66023,13,2094,1294,0.1382,true
4620159.00,2021S05074620159.00,0159.00,462,2466023,Montréal,66023,11,1886,1016,0.1237,true
4620160.00,2021S05074620160.00,0160.00,462,2466023,Montréal,66023,14,1738,1118,0.1202,true
4620161.00,2021S05074620161.00,0161.00,462,2466023,Montréal,66023,14,1980,1111,0.1392,true
4620162.00,2021S05074620162.00,0162.00,462,2466023,Montréal,66023,16,1755,1088,0.0933,true
4620163.00,2021S05074620163.00,0163.00,462,2466023,Montréal,66023,10,3090,1636,0.2023,true
4620164.00,2021S05074620164.00,0164.00,462,2466023,Montréal,66023,6,1586,1050,0.0694,true
4620165.00,2021S05074620165.00,0165.00,462,2466023,Montréal,66023,7,2322,1210,0.15,true
4620166.00,2021S05074620166.00,0166.00,462,2466023,Montréal,66023,10,574,349,0.2346,true
4620167.00,2021S05074620167.00,0167.00,462,2466023,Montréal,66023,13,2453,1212,0.2053,true
4620168.00,2021S05074620168.00,0168.00,462,2466023,Montréal,66023,9,2826,1252,0.1703,true
4620169.00,2021S05074620169.00,0169.00,462,2466023,Montréal,66023,9,2099,1021,0.1471,true
4620170.00,2021S05074620170.00,0170.00,462,2466023,Montréal,66023,8,2098,1148,0.1582,true
4620171.00,2021S05074620171.00,0171.00,462,2466023,Montréal,66023,32,4778,2995,0.4779,true
4620172.00,2021S05074620172.00,0172.00,462,2466023,Montréal,66023,19,2656,1761,0.1951,true
4620173.00,2021S05074620173.00,0173.00,462,2466023,Montréal,66023,10,2041,1222,0.1843,true
4620174.00,2021S05074620174.00,0174.00,462,2466023,Montréal,66023,9,2110,1292,0.2264,true
4620175.00,2021S05074620175.00,0175.00,462,2466023,Montréal,66023,8,1992,1142,0.1165,true
4620176.00,2021S05074620176.00,0176.00,462,2466023,Montréal,66023,7,1643,960,0.1131,true
4620177.00,2021S05074620177.00,0177.00,462,2466023,Montréal,66023,5,1342,817,0.0982,true
4620178.00,2021S05074620178.00,0178.00,462,2466023,Montréal,66023,17,2262,1411,0.2765,true
4620179.00,2021S05074620179.00,0179.00,462,2466023,Montréal,66023,28,3783,2348,0.502,true
4620180.00,2021S05074620180.00,0180.00,462,2466023,Montréal,66023,14,3322,2054,0.2641,true
4620181.00,2021S05074620181.00,0181.00,462,2466023,Montréal,66023,18,5881,3522,0.3348,true
4620182.00,2021S05074620182.00,0182.00,462,2466023,Montréal,66023,9,2099,1168,0.1378,true
4620183.00,2021S05074620183.00,0183.00,462,2466023,Montréal,66023,9,2152,1269,0.1317,true
4620184.00,2021S05074620184.00,0184.00,462,2466023,Montréal,66023,12,2965,1611,0.2192,true
4620185.00,2021S05074620185.00,0185.00,462,2466023,Montréal,66023,20,5192,2988,0.393,true
4620186.00,2021S05074620186.00,0186.00,462,2466023,Montréal,66023,18,4606,2617,0.3872,true
4620187.01,2021S05074620187.01,0187.01,462,2466023,Montréal,66023,13,3339,2027,0.3657,true
4620187.03,2021S05074620187.03,0187.03,462,2466023,Montréal,66023,12,4751,2662,0.3559,true
4620187.04,2021S05074620187.04,0187.04,462,2466023,Montréal,66023,37,6501,2808,0.7801,true
4620188.01,2021S05074620188.01,0188.01,462,2466023,Montréal,66023,8,2136,1214,0.1512,true
4620188.02,2021S05074620188.02,0188.02,462,2466023,Montréal,66023,11,2605,1531,0.2286,true
4620189.00,2021S05074620189.00,0189.00,462,2466023,Montréal,66023,1,0,0,1.4494,false
4620190.01,2021S05074620190.01,0190.01,462,2466023,Montréal,66023,27,3688,1928,0.4539,true
4620190.02,2021S05074620190.02,0190.02,462,2466023,Montréal,66023,17,4164,2360,1.043,true
4620191.00,2021S05074620191.00,0191.00,462,2466023,Montréal,66023,50,6160,3118,1.6918,true
4620192.00,2021S05074620192.00,0192.00,462,2466023,Montréal,66023,25,3229,1201,0.7797,true
4620193.00,2021S05074620193.00,0193.00,462,2466023,Montréal,66023,22,2197,1035,0.2647,true
4620194.01,2021S05074620194.01,0194.01,462,2466023,Montréal,66023,18,5132,1776,0.6153,true
4620194.02,2021S05074620194.02,0194.02,462,2466023,Montréal,66023,34,4478,2004,0.5941,true
4620195.01,2021S05074620195.01,0195.01,462,2466023,Montréal,66023,23,3537,1748,0.5513,true
4620195.02,2021S05074620195.02,0195.02,462,2466023,Montréal,66023,25,5384,2487,0.6001,true
4620195.03,2021S05074620195.03,0195.03,462,2466023,Montréal,66023,26,4956,2426,0.8863,true
4620196.00,2021S05074620196.00,0196.00,462,2466023,Montréal,66023,20,4065,2270,0.4048,true
4620197.00,2021S05074620197.00,0197.00,462,2466023,Montréal,66023,23,4915,2627,0.596,true
4620198.00,2021S05074620198.00,0198.00,462,2466023,Montréal,66023,32,5025,2654,0.6468,true
4620199.00,2021S05074620199.00,0199.00,462,2466023,Montréal,66023,12,2619,1418,0.2253,true
4620200.00,2021S05074620200.00,0200.00,462,2466023,Montréal,66023,16,4579,2410,0.3072,true
4620201.00,2021S05074620201.00,0201.00,462,2466023,Montréal,66023,29,6953,3625,0.938,true
4620202.00,2021S05074620202.00,0202.00,462,2466023,Montréal,66023,28,4186,2434,0.6147,true
4620203.00,2021S05074620203.00,0203.00,462,2466023,Montréal,66023,12,2797,1558,0.2379,true
4620204.00,2021S05074620204.00,0204.00,462,2466023,Montréal,66023,12,2667,1508,0.2347,true
4620205.00,2021S05074620205.00,0205.00,462,2466023,Montréal,66023,8,2095,1208,0.1769,true
4620206.00,2021S05074620206.00,0206.00,462,2466023,Montréal,66023,12,2530,1437,0.2322,true
4620207.00,2021S05074620207.00,0207.00,462,2466023,Montréal,66023,11,3379,1945,0.2558,true
4620208.00,2021S05074620208.00,0208.00,462,2466023,Montréal,66023,10,2497,1424,0.1992,true
4620209.00,2021S05074620209.00,0209.00,462,2466023,Montréal,66023,27,6031,3418,0.668,true
4620210.00,2021S05074620210.00,0210.00,462,2466023,Montréal,66023,16,4165,2536,0.3322,true
4620211.00,2021S05074620211.00,0211.00,462,2466023,Montréal,66023,7,2249,1367,0.1765,true
4620212.00,2021S05074620212.00,0212.00,462,2466023,Montréal,66023,7,2523,1489,0.194,true
4620213.00,2021S05074620213.00,0213.00,462,2466023,Montréal,66023,7,2586,1417,0.1915,true
4620214.00,2021S05074620214.00,0214.00,462,2466023,Montréal,66023,10,2765,1542,0.2538,true
4620215.00,2021S05074620215.00,0215.00,462,2466023,Montréal,66023,14,3010,1757,0.2371,true
4620216.00,2021S05074620216.00,0216.00,462,2466023,Montréal,66023,20,2200,1330,0.3287,true
4620217.00,2021S05074620217.00,0217.00,462,2466023,Montréal,66023,7,2518,1511,0.1625,true
4620218.00,2021S05074620218.00,0218.00,462,2466023,Montréal,66023,27,2877,1817,0.2804,true
4620219.00,2021S05074620219.00,0219.00,462,2466023,Montréal,66023,19,2827,1790,0.3127,true
4620220.00,2021S05074620220.00,0220.00,462,2466023,Montréal,66023,21,5683,2949,0.4207,true
4620221.00,2021S05074620221.00,0221.00,462,2466023,Montréal,66023,20,6147,3021,0.3292,true
4620222.00,2021S05074620222.00,0222.00,462,2466023,Montréal,66023,13,3777,1674,0.1991,true
4620223.01,2021S05074620223.01,0223.01,462,2466023,Montréal,66023,12,4052,1681,0.1447,true
4620223.02,2021S05074620223.02,0223.02,462,2466023,Montréal,66023,13,3353,1334,0.1953,true
4620224.00,2021S05074620224.00,0224.00,462,2466023,Montréal,66023,19,6054,2624,0.3721,true
4620225.00,2021S05074620225.00,0225.00,462,2466023,Montréal,66023,20,1414,706,0.6549,true
4620226.00,2021S05074620226.00,0226.00,462,2466023,Montréal,66023,16,2952,1683,0.2449,true
4620227.00,2021S05074620227.00,0227.00,462,2466023,Montréal,66023,6,1561,814,0.1159,true
4620228.00,2021S05074620228.00,0228.00,462,2466023,Montréal,66023,6,1628,819,0.1131,true
4620229.00,2021S05074620229.00,0229.00,462,2466023,Montréal,66023,1,0,0,0.4646,false
4620230.00,2021S05074620230.00,0230.00,462,2466023,Montréal,66023,6,1858,995,0.1151,true
4620231.00,2021S05074620231.00,0231.00,462,2466023,Montréal,66023,6,1612,906,0.1034,true
4620232.00,2021S05074620232.00,0232.00,462,2466023,Montréal,66023,23,4674,2817,0.3644,true
4620233.00,2021S05074620233.00,0233.00,462,2466023,Montréal,66023,6,2011,1279,0.104,true
4620234.00,2021S05074620234.00,0234.00,462,2466023,Montréal,66023,12,2144,1323,0.1495,true
4620235.00,2021S05074620235.00,0235.00,462,2466023,Montréal,66023,8,1872,1063,0.1166,true
4620236.00,2021S05074620236.00,0236.00,462,2466023,Montréal,66023,7,1776,1009,0.1078,true
4620237.00,2021S05074620237.00,0237.00,462,2466023,Montréal,66023,13,3418,1863,0.2179,true
4620238.00,2021S05074620238.00,0238.00,462,2466023,Montréal,66023,14,2338,1277,0.1633,true
4620239.00,2021S05074620239.00,0239.00,462,2466023,Montréal,66023,24,4606,2745,0.542,true
4620240.00,2021S05074620240.00,0240.00,462,2466023,Montréal,66023,14,3118,1667,0.3076,true
4620241.00,2021S05074620241.00,0241.00,462,2466023,Montréal,66023,15,2791,1480,0.2063,true
4620242.00,2021S05074620242.00,0242.00,462,2466023,Montréal,66023,21,6077,3258,0.3704,true
4620243.00,2021S05074620243.00,0243.00,462,2466023,Montréal,66023,14,3677,1915,0.2547,true
4620244.00,2021S05074620244.00,0244.00,462,2466023,Montréal,66023,9,2064,1133,0.1755,true
4620245.00,2021S05074620245.00,0245.00,462,2466023,Montréal,66023,10,2883,1680,0.2196,true
4620247.00,2021S05074620247.00,0247.00,462,2466023,Montréal,66023,7,2148,1226,0.1931,true
4620249.00,2021S05074620249.00,0249.00,462,2466023,Montréal,66023,37,4188,2304,0.53,true
4620250.00,2021S05074620250.00,0250.00,462,2466023,Montréal,66023,37,3994,2057,0.4483,true
4620251.01,2021S05074620251.01,0251.01,462,2466023,Montréal,66023,22,3669,1612,0.475,true
4620251.02,2021S05074620251.02,0251.02,462,2466023,Montréal,66023,23,2649,1309,0.2366,true
4620252.00,2021S05074620252.00,0252.00,462,2466023,Montréal,66023,23,5186,2506,0.3256,true
4620253.00,2021S05074620253.00,0253.00,462,2466023,Montréal,66023,40,3598,1636,0.4583,true
4620254.00,2021S05074620254.00,0254.00,462,2466023,Montréal,66023,42,4029,1932,0.6137,true
4620256.00,2021S05074620256.00,0256.00,462,2466023,Montréal,66023,27,3877,1660,1.8429,true
4620257.00,2021S05074620257.00,0257.00,462,2466023,Montréal,66023,18,4500,1796,1.3089,true
4620258.00,2021S05074620258.00,0258.00,462,2466023,Montréal,66023,24,5314,1929,0.3957,true
4620259.00,2021S05074620259.00,0259.00,462,2466023,Montréal,66023,33,6349,2593,0.3706,true
4620260.00,2021S05074620260.00,0260.00,462,2466023,Montréal,66023,9,2338,946,0.5355,true
4620261.00,2021S05074620261.00,0261.00,462,2466023,Montréal,66023,11,2858,1196,0.6002,true
4620262.00,2021S05074620262.00,0262.00,462,2466023,Montréal,66023,15,4866,1932,0.768,true
4620263.00,2021S05074620263.00,0263.00,462,2466023,Montréal,66023,26,4135,1849,0.754,true
4620264.01,2021S05074620264.01,0264.01,462,2466023,Montréal,66023,30,5369,2575,1.2271,true
4620264.02,2021S05074620264.02,0264.02,462,2466023,Montréal,66023,34,5432,2741,0.9122,true
4620265.00,2021S05074620265.00,0265.00,462,2466023,Montréal,66023,28,4561,2378,0.4825,true
4620266.00,2021S05074620266.00,0266.00,462,2466023,Montréal,66023,23,3195,1809,0.753,true
4620267.00,2021S05074620267.00,0267.00,462,2466023,Montréal,66023,42,6463,2942,1.13,true
4620268.01,2021S05074620268.01,0268.01,462,2466023,Montréal,66023,22,6525,3068,0.575,true
4620268.02,2021S05074620268.02,0268.02,462,2466023,Montréal,66023,17,6170,2640,0.3028,true
4620268.03,2021S05074620268.03,0268.03,462,2466023,Montréal,66023,24,489,430,1.2724,true
4620269.00,2021S05074620269.00,0269.00,462,2466023,Montréal,66023,33,4521,2256,0.7814,true
4620270.00,2021S05074620270.00,0270.00,462,2466023,Montréal,66023,25,4739,2659,0.68,true
4620271.00,2021S05074620271.00,0271.00,462,2466023,Montréal,66023,28,3477,1713,0.4777,true
4620272.00,2021S05074620272.00,0272.00,462,2466023,Montréal,66023,23,3715,1922,0.5025,true
4620273.00,2021S05074620273.00,0273.00,462,2466023,Montréal,66023,26,4752,2487,0.5677,true
4620274.00,2021S05074620274.00,0274.00,462,2466023,Montréal,66023,21,3133,1451,0.4791,true
4620275.00,2021S05074620275.00,0275.00,462,2466023,Montréal,66023,27,4158,2189,0.6186,true
4620276.00,2021S05074620276.00,0276.00,462,2466023,Montréal,66023,39,5123,2712,0.8443,true
4620277.00,2021S05074620277.00,0277.00,462,2466023,Montréal,66023,25,4350,2223,0.5597,true
4620278.00,2021S05074620278.00,0278.00,462,2466023,Montréal,66023,26,4229,2219,0.5893,true
4620279.00,2021S05074620279.00,0279.00,462,2466023,Montréal,66023,36,4954,2362,0.9396,true
4620280.00,2021S05074620280.00,0280.00,462,2466023,Montréal,66023,28,4621,2259,0.5934,true
4620281.00,2021S05074620281.00,0281.00,462,2466023,Montréal,66023,18,3756,1801,1.084,true
4620282.00,2021S05074620282.00,0282.00,462,2466023,Montréal,66023,38,6549,2930,1.3292,true
4620283.01,2021S05074620283.01,0283.01,462,2466023,Montréal,66023,34,4058,1444,0.6087,true
4620283.02,2021S05074620283.02,0283.02,462,2466023,Montréal,66023,23,2891,1291,0.4695,true
4620284.00,2021S05074620284.00,0284.00,462,2466023,Montréal,66023,28,3489,1680,0.5811,true
4620285.00,2021S05074620285.00,0285.00,462,2466023,Montréal,66023,41,6335,2467,1.5071,true
4620286.00,2021S05074620286.00,0286.00,462,2466023,Montréal,66023,25,5433,2115,0.7928,true
4620287.01,2021S05074620287.01,0287.01,462,2466023,Montréal,66023,25,6636,3344,0.5354,true
4620287.02,2021S05074620287.02,0287.02,462,2466023,Montréal,66023,42,4740,1862,1.0998,true
4620288.00,2021S05074620288.00,0288.00,462,2466023,Montréal,66023,21,1473,417,1.8562,true
4620290.01,2021S05074620290.01,0290.01,462,2466023,Montréal,66023,35,2713,1069,1.2041,true
4620290.02,2021S05074620290.02,0290.02,462,2466023,Montréal,66023,46,5711,2272,1.7996,true
4620290.03,2021S05074620290.03,0290.03,462,2466023,Montréal,66023,21,4263,1845,0.6391,true
4620290.04,2021S05074620290.04,0290.04,462,2466023,Montréal,66023,73,6876,2582,2.8282,true
4620290.05,2021S05074620290.05,0290.05,462,2466023,Montréal,66023,47,5156,2467,2.2016,true
4620290.06,2021S05074620290.06,0290.06,462,2466023,Montréal,66023,43,5326,2083,0.8965,true
4620290.07,2021S05074620290.07,0290.07,462,2466023,Montréal,66023,32,4010,1614,0.5824,true
4620290.08,2021S05074620290.08,0290.08,462,2466023,Montréal,66023,37,4111,1580,1.1221,true
4620290.09,2021S05074620290.09,0290.09,462,2466023,Montréal,66023,36,4930,1835,1.066,true
4620291.01,2021S05074620291.01,0291.01,462,2466023,Montréal,66023,30,3900,1408,0.9801,true
4620291.03,2021S05074620291.03,0291.03,462,2466023,Montréal,66023,48,5854,1989,6.9126,true
4620291.04,2021S05074620291.04,0291.04,462,2466023,Montréal,66023,40,5222,1482,3.2058,true
4620300.00,2021S05074620300.00,0300.00,462,2466023,Montréal,66023,15,2797,1466,0.517,true
4620301.00,2021S05074620301.00,0301.00,462,2466023,Montréal,66023,25,5191,2836,0.4193,true
4620302.00,2021S05074620302.00,0302.00,462,2466023,Montréal,66023,11,2923,1686,0.2064,true
4620303.00,2021S05074620303.00,0303.00,462,2466023,Montréal,66023,12,2376,1398,0.2624,true
4620304.00,2021S05074620304.00,0304.00,462,2466023,Montréal,66023,12,3191,1866,0.268,true
4620305.00,2021S05074620305.00,0305.00,462,2466023,Montréal,66023,9,3973,2347,0.3501,true
4620306.00,2021S05074620306.00,0306.00,462,2466023,Montréal,66023,8,2781,1616,0.2248,true
4620307.00,2021S05074620307.00,0307.00,462,2466023,Montréal,66023,7,3032,1735,0.1736,true
4620308.00,2021S05074620308.00,0308.00,462,2466023,Montréal,66023,7,2688,1470,0.174,true
4620309.00,2021S05074620309.00,0309.00,462,2466023,Montréal,66023,9,1352,661,0.184,true
4620310.00,2021S05074620310.00,0310.00,462,2466023,Montréal,66023,16,3393,1680,0.4267,true
4620311.00,2021S05074620311.00,0311.00,462,2466023,Montréal,66023,16,4092,2192,0.3567,true
4620312.00,2021S05074620312.00,0312.00,462,2466023,Montréal,66023,13,3162,1701,0.3088,true
4620313.00,2021S05074620313.00,0313.00,462,2466023,Montréal,66023,15,3221,1596,0.4,true
4620314.00,2021S05074620314.00,0314.00,462,2466023,Montréal,66023,14,2448,1217,0.2571,true
4620315.00,2021S05074620315.00,0315.00,462,2466023,Montréal,66023,3,15,9,0.8046,false
4620316.00,2021S05074620316.00,0316.00,462,2466023,Montréal,66023,27,2174,865,0.574,true
4620317.03,2021S05074620317.03,0317.03,462,2466023,Montréal,66023,27,4450,2334,0.8086,true
4620317.05,2021S05074620317.05,0317.05,462,2466023,Montréal,66023,12,3545,1520,0.4656,true
4620317.06,2021S05074620317.06,0317.06,462,2466023,Montréal,66023,12,4943,2477,1.1379,true
4620317.07,2021S05074620317.07,0317.07,462,2466023,Montréal,66023,34,5410,2931,1.0139,true
4620317.08,2021S05074620317.08,0317.08,462,2466023,Montréal,66023,7,3220,1585,0.2821,true
4620320.00,2021S05074620320.00,0320.00,462,2466023,Montréal,66023,34,4814,2301,0.6871,true
4620321.00,2021S05074620321.00,0321.00,462,2466023,Montréal,66023,25,2918,1505,1.1037,true
4620322.02,2021S05074620322.02,0322.02,462,2466023,Montréal,66023,29,3840,1778,0.7779,true
4620322.03,2021S05074620322.03,0322.03,462,2466023,Montréal,66023,27,4936,2561,0.7649,true
4620322.04,2021S05074620322.04,0322.04,462,2466023,Montréal,66023,21,3357,1480,0.4562,true
4620323.00,2021S05074620323.00,0323.00,462,2466023,Montréal,66023,26,3118,1464,0.6227,true
4620324.01,2021S05074620324.01,0324.01,462,2466023,Montréal,66023,29,4734,2154,0.6742,true
4620324.02,2021S05074620324.02,0324.02,462,2466023,Montréal,66023,19,2894,1259,0.6744,true
4620325.01,2021S05074620325.01,0325.01,462,2466023,Montréal,66023,19,3818,1564,0.3931,true
4620325.02,2021S05074620325.02,0325.02,462,2466023,Montréal,66023,25,6728,2971,0.9792,true
4620325.03,2021S05074620325.03,0325.03,462,2466023,Montréal,66023,18,3758,1641,0.467,true
4620325.05,2021S05074620325.05,0325.05,462,2466023,Montréal,66023,30,9824,4593,0.9131,true
4620325.06,2021S05074620325.06,0325.06,462,2466023,Montréal,66023,28,4838,2378,0.7717,true
4620326.01,2021S05074620326.01,0326.01,462,2466023,Montréal,66023,26,2894,1215,2.531,true
4620326.02,2021S05074620326.02,0326.02,462,2466023,Montréal,66023,33,3778,1738,1.0835,true
4620326.03,2021S05074620326.03,0326.03,462,2466023,Montréal,66023,25,5000,2050,1.3147,true
4620327.00,2021S05074620327.00,0327.00,462,2466023,Montréal,66023,38,4891,2268,1.1026,true
4620328.00,2021S05074620328.00,0328.00,462,2466023,Montréal,66023,9,1874,862,0.4381,true
4620329.00,2021S05074620329.00,0329.00,462,2466023,Montréal,66023,24,4221,2038,0.6437,true
4620330.00,2021S05074620330.00,0330.00,462,2466023,Montréal,66023,55,5484,2623,2.0624,true
4620340.00,2021S05074620340.00,0340.00,462,2466047,Montréal-Ouest,66047,66,5115,2031,1.3688,true
4620350.00,2021S05074620350.00,0350.00,462,2466032,Westmount,66032,17,2594,1253,0.5595,true
4620351.00,2021S05074620351.00,0351.00,462,2466032,Westmount,66032,21,5004,3176,0.461,true
4620352.00,2021S05074620352.00,0352.00,462,2466032,Westmount,66032,23,2747,1367,0.4868,true
4620353.00,2021S05074620353.00,0353.00,462,2466032,Westmount,66032,22,2873,1243,0.4143,true
4620354.00,2021S05074620354.00,0354.00,462,2466032,Westmount,66032,32,3038,1040,0.8102,true
4620355.00,2021S05074620355.00,0355.00,462,2466032,Westmount,66032,21,1423,647,0.3074,true
4620356.00,2021S05074620356.00,0356.00,462,2466032,Westmount,66032,38,1979,697,1.0044,true
4620360.00,2021S05074620360.00,0360.00,462,2466023,Montréal,66023,20,1947,743,1.4255,true
4620361.00,2021S05074620361.00,0361.00,462,2466023,Montréal,66023,11,1720,849,0.1129,true
4620362.00,2021S05074620362.00,0362.00,462,2466023,Montréal,66023,25,2308,897,0.5241,true
4620363.00,2021S05074620363.00,0363.00,462,2466023,Montréal,66023,23,4617,2039,0.3711,true
4620364.00,2021S05074620364.00,0364.00,462,2466023,Montréal,66023,9,3321,1071,0.2338,true
4620365.00,2021S05074620365.00,0365.00,462,2466023,Montréal,66023,10,3263,1367,0.2478,true
4620366.00,2021S05074620366.00,0366.00,462,2466023,Montréal,66023,21,2505,1063,0.3523,true
4620367.00,2021S05074620367.00,0367.00,462,2466023,Montréal,66023,28,4948,1940,0.5421,true
4620370.00,2021S05074620370.00,0370.00,462,2466062,Hampstead,66062,75,7037,2622,1.7941,true
4620380.00,2021S05074620380.00,0380.00,462,2466058,Côte-Saint-Luc,66058,39,4247,1986,0.7658,true
4620381.00,2021S05074620381.00,0381.00,462,2466058,Côte-Saint-Luc,66058,33,6248,2722,0.5895,true
4620382.01,2021S05074620382.01,0382.01,462,2466058,Côte-Saint-Luc,66058,24,4130,1799,0.5803,true
4620382.02,2021S05074620382.02,0382.02,462,2466058,Côte-Saint-Luc,66058,41,4663,1611,1.5892,true
4620383.01,2021S05074620383.01,0383.01,462,2466058,Côte-Saint-Luc,66058,25,3887,1364,1.7688,true
4620383.02,2021S05074620383.02,0383.02,462,2466058,Côte-Saint-Luc,66058,29,8641,4476,1.5081,true
4620385.00,2021S05074620385.00,0385.00,462,2466058,Côte-Saint-Luc,66058,3,1574,1000,0.0371,true
4620390.00,2021S05074620390.00,0390.00,462,2466023,Montréal,66023,29,1603,881,1.0494,true
4620391.00,2021S05074620391.00,0391.00,462,2466023,Montréal,66023,21,1739,959,0.3196,true
4620392.00,2021S05074620392.00,0392.00,462,2466023,Montréal,66023,27,1587,867,0.4456,true
4620393.00,2021S05074620393.00,0393.00,462,2466023,Montréal,66023,40,6929,3473,1.0435,true
4620394.00,2021S05074620394.00,0394.00,462,2466023,Montréal,66023,37,4156,2183,1.3479,true
4620395.01,2021S05074620395.01,0395.01,462,2466023,Montréal,66023,31,2754,1212,7.5759,true
4620395.02,2021S05074620395.02,0395.02,462,2466023,Montréal,66023,26,6861,3183,0.6883,true
4620395.03,2021S05074620395.03,0395.03,462,2466023,Montréal,66023,27,4782,2478,0.6143,true
4620396.00,2021S05074620396.00,0396.00,462,2466023,Montréal,66023,50,6553,2716,1.4673,true
4620397.00,2021S05074620397.00,0397.00,462,2466023,Montréal,66023,47,3980,1455,1.1881,true
4620400.00,2021S05074620400.00,0400.00,462,2466072,Mont-Royal,66072,65,5412,2233,1.3867,true
4620401.00,2021S05074620401.00,0401.00,462,2466072,Mont-Royal,66072,54,3019,1285,0.966,true
4620402.00,2021S05074620402.00,0402.00,462,2466072,Mont-Royal,66072,49,1989,893,2.4426,true
4620403.00,2021S05074620403.00,0403.00,462,2466072,Mont-Royal,66072,78,5474,1964,1.3131,true
4620404.00,2021S05074620404.00,0404.00,462,2466072,Mont-Royal,66072,74,5059,1817,1.4371,true
4620410.01,2021S05074620410.01,0410.01,462,2466023,Montréal,66023,39,5529,2221,0.8679,true
4620410.02,2021S05074620410.02,0410.02,462,2466023,Montréal,66023,13,6013,2853,0.7639,true
4620410.03,2021S05074620410.03,0410.03,462,2466023,Montréal,66023,33,1756,617,2.2093,true
4620412.00,2021S05074620412.00,0412.00,462,2466023,Montréal,66023,82,7061,3122,1.5029,true
4620413.01,2021S05074620413.01,0413.01,462,2466023,Montréal,66023,34,3760,1399,0.8077,true
4620413.02,2021S05074620413.02,0413.02,462,2466023,Montréal,66023,20,4048,1640,0.8065,true
4620415.03,2021S05074620415.03,0415.03,462,2466023,Montréal,66023,9,4011,1895,0.2554,true
4620415.04,2021S05074620415.04,0415.04,462,2466023,Montréal,66023,14,5458,2445,0.4771,true
4620415.07,2021S05074620415.07,0415.07,462,2466023,Montréal,66023,39,7568,2886,1.2261,true
4620415.08,2021S05074620415.08,0415.08,462,2466023,Montréal,66023,99,2686,1116,16.6285,true
4620415.09,2021S05074620415.09,0415.09,462,2466023,Montréal,66023,98,3033,1112,9.8042,true
4620415.10,2021S05074620415.10,0415.10,462,2466023,Montréal,66023,31,5297,1991,1.0772,true
4620416.01,2021S05074620416.01,0416.01,462,2466023,Montréal,66023,35,4000,1440,0.8541,true
4620416.02,2021S05074620416.02,0416.02,462,2466023,Montréal,66023,15,3329,1209,1.039,true
4620417.01,2021S05074620417.01,0417.01,462,2466023,Montréal,66023,29,5046,2034,0.6668,true
4620417.02,2021S05074620417.02,0417.02,462,2466023,Montréal,66023,8,2748,944,0.3611,true
4620418.00,2021S05074620418.00,0418.00,462,2466023,Montréal,66023,68,5704,2713,1.3026,true
4620419.00,2021S05074620419.00,0419.00,462,2466023,Montréal,66023,12,4786,1862,0.3788,true
4620420.00,2021S05074620420.00,0420.00,462,2466023,Montréal,66023,47,5114,1829,0.8328,true
4620421.03,2021S05074620421.03,0421.03,462,2466023,Montréal,66023,10,2948,1184,0.1886,true
4620421.04,2021S05074620421.04,0421.04,462,2466023,Montréal,66023,13,4407,1876,0.3674,true
4620421.05,2021S05074620421.05,0421.05,462,2466023,Montréal,66023,7,2339,1065,0.304,true
4620421.06,2021S05074620421.06,0421.06,462,2466023,Montréal,66023,9,5463,2114,0.1118,true
4620430.00,2021S05074620430.00,0430.00,462,2466087,Dorval,66087,46,7238,3894,1.9961,true
4620431.00,2021S05074620431.00,0431.00,462,2466087,Dorval,66087,59,5443,2479,2.2047,true
4620432.00,2021S05074620432.00,0432.00,462,2466087,Dorval,66087,49,3134,1263,1.3173,true
4620433.00,2021S05074620433.00,0433.00,462,2466087,Dorval,66087,128,3487,1422,15.3944,true
4620440.00,2021S05074620440.00,0440.00,462,2466092,L'Île-Dorval,66092,5,30,79,0.1938,false
4620450.00,2021S05074620450.00,0450.00,462,2466097,Pointe-Claire,66097,68,7140,3428,3.7708,true
4620451.00,2021S05074620451.00,0451.00,462,2466097,Pointe-Claire,66097,80,6986,3046,3.3209,true
4620452.00,2021S05074620452.00,0452.00,462,2466097,Pointe-Claire,66097,71,8886,3416,3.1538,true
4620453.01,2021S05074620453.01,0453.01,462,2466097,Pointe-Claire,66097,54,5543,2125,1.9754,true
4620453.02,2021S05074620453.02,0453.02,462,2466097,Pointe-Claire,66097,72,4933,1808,6.6887,true
4620460.00,2021S05074620460.00,0460.00,462,2466107,Beaconsfield,66107,87,5367,1925,3.5891,true
4620461.00,2021S05074620461.00,0461.00,462,2466107,Beaconsfield,66107,50,2926,1079,1.8753,true
4620462.01,2021S05074620462.01,0462.01,462,2466107,Beaconsfield,66107,74,5148,1960,2.3805,true
4620462.02,2021S05074620462.02,0462.02,462,2466107,Beaconsfield,66107,59,5836,1951,3.1859,true
4620470.01,2021S05074620470.01,0470.01,462,2466102,Kirkland,66102,80,7022,2616,3.5134,true
4620470.03,2021S05074620470.03,0470.03,462,2466102,Kirkland,66102,68,4907,1604,2.4327,true
4620470.04,2021S05074620470.04,0470.04,462,2466102,Kirkland,66102,29,3487,1226,1.5811,true
4620470.05,2021S05074620470.05,0470.05,462,2466102,Kirkland,66102,53,3997,1344,2.1217,true
4620480.00,2021S05074620480.00,0480.00,462,2466112,Baie-D'Urfé,66112,85,3764,1375,6.0329,true
4620490.00,2021S05074620490.00,0490.00,462,2466117,Sainte-Anne-de-Bellevue,66117,50,2532,1508,0.6826,true
4620491.00,2021S05074620491.00,0491.00,462,2466117,Sainte-Anne-de-Bellevue,66117,64,2495,796,9.7732,true
4620500.00,2021S05074620500.00,0500.00,462,2466127,Senneville,66127,19,951,377,7.4458,true
4620511.01,2021S05074620511.01,0511.01,462,2466023,Montréal,66023,28,3325,1228,1.4386,true
4620511.02,2021S05074620511.02,0511.02,462,2466023,Montréal,66023,34,6667,2487,1.5291,true
4620512.02,2021S05074620512.02,0512.02,462,2466023,Montréal,66023,46,4568,1946,1.4535,true
4620512.03,2021S05074620512.03,0512.03,462,2466023,Montréal,66023,13,2552,1349,0.6724,true
4620512.04,2021S05074620512.04,0512.04,462,2466023,Montréal,66023,59,6579,2477,1.7653,true
4620513.01,2021S05074620513.01,0513.01,462,2466023,Montréal,66023,36,5002,1719,1.0856,true
4620513.02,2021S05074620513.02,0513.02,462,2466023,Montréal,66023,34,4581,1942,1.2477,true
4620514.01,2021S05074620514.01,0514.01,462,2466023,Montréal,66023,70,6896,2726,1.9946,true
4620514.02,2021S05074620514.02,0514.02,462,2466023,Montréal,66023,57,6132,2197,1.8747,true
4620515.01,2021S05074620515.01,0515.01,462,2466023,Montréal,66023,52,6413,2271,9.0448,true
4620515.02,2021S05074620515.02,0515.02,462,2466023,Montréal,66023,28,4376,1531,0.9244,true
4620515.03,2021S05074620515.03,0515.03,462,2466023,Montréal,66023,31,3453,1264,0.9667,true
4620515.04,2021S05074620515.04,0515.04,462,2466023,Montréal,66023,31,3708,1368,0.834,true
4620520.02,2021S05074620520.02,0520.02,462,2466142,Dollard-Des Ormeaux,66142,41,7112,2574,1.6246,true
4620520.03,2021S05074620520.03,0520.03,462,2466142,Dollard-Des Ormeaux,66142,18,3764,1362,1.4848,true
4620520.04,2021S05074620520.04,0520.04,462,2466142,Dollard-Des Ormeaux,66142,25,4638,1767,1.06,true
4620521.01,2021S05074620521.01,0521.01,462,2466142,Dollard-Des Ormeaux,66142,20,4857,2018,0.8405,true
4620521.04,2021S05074620521.04,0521.04,462,2466142,Dollard-Des Ormeaux,66142,50,4768,1758,1.402,true
4620521.05,2021S05074620521.05,0521.05,462,2466142,Dollard-Des Ormeaux,66142,38,4587,1483,1.347,true
4620521.06,2021S05074620521.06,0521.06,462,2466142,Dollard-Des Ormeaux,66142,49,5147,1965,2.0915,true
4620521.07,2021S05074620521.07,0521.07,462,2466142,Dollard-Des Ormeaux,66142,49,4070,1276,2.0583,true
4620522.01,2021S05074620522.01,0522.01,462,2466142,Dollard-Des Ormeaux,66142,42,3464,1336,1.2251,true
4620522.02,2021S05074620522.02,0522.02,462,2466142,Dollard-Des Ormeaux,66142,32,3506,1405,1.0869,true
4620523.00,2021S05074620523.00,0523.00,462,2466142,Dollard-Des Ormeaux,66142,38,2490,819,0.763,true
4620530.00,2021S05074620530.00,0530.00,462,2466023,Montréal,66023,63,6130,2244,2.2483,true
4620540.00,2021S05074620540.00,0540.00,462,2466023,Montréal,66023,28,3969,1768,0.8582,true
4620550.02,2021S05074620550.02,0550.02,462,2466023,Montréal,66023,33,3327,1323,13.2161,true
4620550.03,2021S05074620550.03,0550.03,462,2466023,Montréal,66023,71,6780,2308,4.9277,true
4620550.04,2021S05074620550.04,0550.04,462,2466023,Montréal,66023,52,4809,1838,4.3636,true
4620570.00,2021S05074620570.00,0570.00,462,2466007,Montréal-Est,66007,98,4394,2124,12.1514,true
4620580.01,2021S05074620580.01,0580.01,462,2466023,Montréal,66023,32,4853,2409,1.1689,true
4620580.02,2021S05074620580.02,0580.02,462,2466023,Montréal,66023,20,3235,1631,0.8104,true
4620580.03,2021S05074620580.03,0580.03,462,2466023,Montréal,66023,43,3829,1626,1.0637,true
4620581.01,2021S05074620581.01,0581.01,462,2466023,Montréal,66023,36,5825,2087,1.2978,true
4620581.02,2021S05074620581.02,0581.02,462,2466023,Montréal,66023,28,3490,1587,0.669,true
4620582.01,2021S05074620582.01,0582.01,462,2466023,Montréal,66023,40,6340,3184,1.1603,true
4620582.02,2021S05074620582.02,0582.02,462,2466023,Montréal,66023,47,5918,2706,1.291,true
4620583.00,2021S05074620583.00,0583.00,462,2466023,Montréal,66023,43,3208,1358,0.7472,true
4620584.00,2021S05074620584.00,0584.00,462,2466023,Montréal,66023,64,7066,3437,1.6023,true
4620585.01,2021S05074620585.01,0585.01,462,2466023,Montréal,66023,28,2281,925,3.4427,true
4620585.02,2021S05074620585.02,0585.02,462,2466023,Montréal,66023,74,3824,1803,5.5997,true
4620590.01,2021S05074620590.01,0590.01,462,2466023,Montréal,66023,30,5526,2321,1.4873,true
4620590.02,2021S05074620590.02,0590.02,462,2466023,Montréal,66023,19,3452,1469,0.3001,true
4620591.01,2021S05074620591.01,0591.01,462,2466023,Montréal,66023,31,2704,1098,0.4871,true
4620591.02,2021S05074620591.02,0591.02,462,2466023,Montréal,66023,29,4117,1709,0.6854,true
4620592.00,2021S05074620592.00,0592.00,462,2466023,Montréal,66023,45,7570,3219,0.9577,true
4620593.01,2021S05074620593.01,0593.01,462,2466023,Montréal,66023,33,4862,2656,1.0423,true
4620593.02,2021S05074620593.02,0593.02,462,2466023,Montréal,66023,20,4575,2065,0.485,true
4620594.01,2021S05074620594.01,0594.01,462,2466023,Montréal,66023,17,2848,1367,0.4003,true
4620594.02,2021S05074620594.02,0594.02,462,2466023,Montréal,66023,100,7589,3490,7.8918,true
4620600.01,2021S05074620600.01,0600.01,462,2466023,Montréal,66023,26,4022,1623,0.7408,true
4620600.02,2021S05074620600.02,0600.02,462,2466023,Montréal,66023,16,4118,1795,0.4131,true
4620600.03,2021S05074620600.03,0600.03,462,2466023,Montréal,66023,37,7091,2794,0.6969,true
4620601.01,2021S05074620601.01,0601.01,462,2466023,Montréal,66023,22,3373,1386,0.3212,true
4620601.02,2021S05074620601.02,0601.02,462,2466023,Montréal,66023,15,4827,2015,0.4274,true
4620602.01,2021S05074620602.01,0602.01,462,2466023,Montréal,66023,24,3780,1676,0.5393,true
4620602.02,2021S05074620602.02,0602.02,462,2466023,Montréal,66023,20,2794,1221,0.6153,true
4620603.01,2021S05074620603.01,0603.01,462,2466023,Montréal,66023,17,3598,1543,0.5328,true
4620603.02,2021S05074620603.02,0603.02,462,2466023,Montréal,66023,30,4252,1665,0.6245,true
4620603.03,2021S05074620603.03,0603.03,462,2466023,Montréal,66023,14,3281,1372,0.3558,true
4620604.01,2021S05074620604.01,0604.01,462,2466023,Montréal,66023,31,3550,1329,0.935,true
4620604.02,2021S05074620604.02,0604.02,462,2466023,Montréal,66023,23,4517,1800,0.3407,true
4620604.03,2021S05074620604.03,0604.03,462,2466023,Montréal,66023,17,3012,1277,0.4953,true
4620604.04,2021S05074620604.04,0604.04,462,2466023,Montréal,66023,15,3457,1385,0.7591,true
4620604.05,2021S05074620604.05,0604.05,462,2466023,Montréal,66023,22,5279,1931,0.592,true
4620605.01,2021S05074620605.01,0605.01,462,2466023,Montréal,66023,39,3525,1672,1.3505,true
4620605.02,2021S05074620605.02,0605.02,462,2466023,Montréal,66023,24,1997,749,0.578,true
4620605.03,2021S05074620605.03,0605.03,462,2466023,Montréal,66023,33,5854,2475,1.0306,true
4620605.04,2021S05074620605.04,0605.04,462,2466023,Montréal,66023,23,4898,1985,1.5873,true
4620605.05,2021S05074620605.05,0605.05,462,2466023,Montréal,66023,23,2270,949,0.5718,true
4620610.01,2021S05074620610.01,0610.01,462,2466023,Montréal,66023,19,4777,2096,0.9303,true
4620610.02,2021S05074620610.02,0610.02,462,2466023,Montréal,66023,25,4612,1943,0.4615,true
4620610.03,2021S05074620610.03,0610.03,462,2466023,Montréal,66023,36,5684,2284,0.7841,true
4620610.04,2021S05074620610.04,0610.04,462,2466023,Montréal,66023,7,3973,1840,0.1945,true
4620610.05,2021S05074620610.05,0610.05,462,2466023,Montréal,66023,10,4856,2206,0.3851,true
4620610.06,2021S05074620610.06,0610.06,462,2466023,Montréal,66023,12,2822,1170,0.3428,true
4620610.07,2021S05074620610.07,0610.07,462,2466023,Montréal,66023,11,4659,1645,0.5503,true
4620611.01,2021S05074620611.01,0611.01,462,2466023,Montréal,66023,37,3036,1247,0.7079,true
4620611.02,2021S05074620611.02,0611.02,462,2466023,Montréal,66023,33,5839,2413,0.5646,true
4620612.00,2021S05074620612.00,0612.00,462,2466023,Montréal,66023,42,4813,2000,0.7475,true
4620613.00,2021S05074620613.00,0613.00,462,2466023,Montréal,66023,48,7813,3312,0.9913,true
4620614.00,2021S05074620614.00,0614.00,462,2466023,Montréal,66023,21,3827,1814,0.4445,true
4620615.00,2021S05074620615.00,0615.00,462,2466023,Montréal,66023,34,5848,2441,0.5598,true
4620616.00,2021S05074620616.00,0616.00,462,2466023,Montréal,66023,35,6896,2834,0.7547,true
4620617.01,2021S05074620617.01,0617.01,462,2466023,Montréal,66023,40,5616,2268,0.9045,true
4620617.02,2021S05074620617.02,0617.02,462,2466023,Montréal,66023,37,3904,1717,0.6564,true
4620618.00,2021S05074620618.00,0618.00,462,2466023,Montréal,66023,26,3611,1782,0.4985,true
4620619.00,2021S05074620619.00,0619.00,462,2466023,Montréal,66023,29,5885,3268,0.5858,true
