ref_month,index_value,index_status,index_base,quarter_year,quarter,months_observed,quarter_index_factor,index_basis
2014-01-01,121.5,final,2002=100,2014,1,3,0.913545,cpi_rmr462
2014-02-01,122.3,final,2002=100,2014,1,3,0.913545,cpi_rmr462
2014-03-01,122.6,final,2002=100,2014,1,3,0.913545,cpi_rmr462
2014-04-01,123.2,final,2002=100,2014,2,3,0.923269,cpi_rmr462
2014-05-01,123.5,final,2002=100,2014,2,3,0.923269,cpi_rmr462
2014-06-01,123.6,final,2002=100,2014,2,3,0.923269,cpi_rmr462
2014-07-01,123.5,final,2002=100,2014,3,3,0.925014,cpi_rmr462
2014-08-01,123.7,final,2002=100,2014,3,3,0.925014,cpi_rmr462
2014-09-01,123.8,final,2002=100,2014,3,3,0.925014,cpi_rmr462
2014-10-01,124.1,final,2002=100,2014,4,3,0.924515,cpi_rmr462
2014-11-01,123.8,final,2002=100,2014,4,3,0.924515,cpi_rmr462
2014-12-01,122.9,final,2002=100,2014,4,3,0.924515,cpi_rmr462
2015-01-01,122.9,final,2002=100,2015,1,3,0.927009,cpi_rmr462
2015-02-01,124.1,final,2002=100,2015,1,3,0.927009,cpi_rmr462
2015-03-01,124.8,final,2002=100,2015,1,3,0.927009,cpi_rmr462
2015-04-01,124.9,final,2002=100,2015,2,3,0.936483,cpi_rmr462
2015-05-01,125.4,final,2002=100,2015,2,3,0.936483,cpi_rmr462
2015-06-01,125.3,final,2002=100,2015,2,3,0.936483,cpi_rmr462
2015-07-01,125.3,final,2002=100,2015,3,3,0.937231,cpi_rmr462
2015-08-01,125.3,final,2002=100,2015,3,3,0.937231,cpi_rmr462
2015-09-01,125.3,final,2002=100,2015,3,3,0.937231,cpi_rmr462
2015-10-01,125.6,final,2002=100,2015,4,3,0.935985,cpi_rmr462
2015-11-01,125.1,final,2002=100,2015,4,3,0.935985,cpi_rmr462
2015-12-01,124.7,final,2002=100,2015,4,3,0.935985,cpi_rmr462
2016-01-01,124.8,final,2002=100,2016,1,3,0.937481,cpi_rmr462
2016-02-01,125.4,final,2002=100,2016,1,3,0.937481,cpi_rmr462
2016-03-01,125.8,final,2002=100,2016,1,3,0.937481,cpi_rmr462
2016-04-01,126.2,final,2002=100,2016,2,3,0.944960,cpi_rmr462
2016-05-01,126.6,final,2002=100,2016,2,3,0.944960,cpi_rmr462
2016-06-01,126.2,final,2002=100,2016,2,3,0.944960,cpi_rmr462
2016-07-01,125.9,final,2002=100,2016,3,3,0.942716,cpi_rmr462
2016-08-01,125.8,final,2002=100,2016,3,3,0.942716,cpi_rmr462
2016-09-01,126.4,final,2002=100,2016,3,3,0.942716,cpi_rmr462
2016-10-01,126.3,final,2002=100,2016,4,3,0.941719,cpi_rmr462
2016-11-01,125.9,final,2002=100,2016,4,3,0.941719,cpi_rmr462
2016-12-01,125.5,final,2002=100,2016,4,3,0.941719,cpi_rmr462
2017-01-01,126.2,final,2002=100,2017,1,3,0.947204,cpi_rmr462
2017-02-01,126.7,final,2002=100,2017,1,3,0.947204,cpi_rmr462
2017-03-01,127.0,final,2002=100,2017,1,3,0.947204,cpi_rmr462
2017-04-01,127.4,final,2002=100,2017,2,3,0.952939,cpi_rmr462
2017-05-01,127.6,final,2002=100,2017,2,3,0.952939,cpi_rmr462
2017-06-01,127.2,final,2002=100,2017,2,3,0.952939,cpi_rmr462
2017-07-01,127.3,final,2002=100,2017,3,3,0.953188,cpi_rmr462
2017-08-01,127.4,final,2002=100,2017,3,3,0.953188,cpi_rmr462
2017-09-01,127.6,final,2002=100,2017,3,3,0.953188,cpi_rmr462
2017-10-01,127.7,final,2002=100,2017,4,3,0.956679,cpi_rmr462
2017-11-01,128.1,final,2002=100,2017,4,3,0.956679,cpi_rmr462
2017-12-01,127.9,final,2002=100,2017,4,3,0.956679,cpi_rmr462
2018-01-01,128.2,final,2002=100,2018,1,3,0.962912,cpi_rmr462
2018-02-01,128.9,final,2002=100,2018,1,3,0.962912,cpi_rmr462
2018-03-01,129.1,final,2002=100,2018,1,3,0.962912,cpi_rmr462
2018-04-01,129.4,final,2002=100,2018,2,3,0.968647,cpi_rmr462
2018-05-01,129.6,final,2002=100,2018,2,3,0.968647,cpi_rmr462
2018-06-01,129.5,final,2002=100,2018,2,3,0.968647,cpi_rmr462
2018-07-01,130.1,final,2002=100,2018,3,3,0.972387,cpi_rmr462
2018-08-01,130.0,final,2002=100,2018,3,3,0.972387,cpi_rmr462
2018-09-01,129.9,final,2002=100,2018,3,3,0.972387,cpi_rmr462
2018-10-01,130.0,final,2002=100,2018,4,3,0.970392,cpi_rmr462
2018-11-01,129.5,final,2002=100,2018,4,3,0.970392,cpi_rmr462
2018-12-01,129.7,final,2002=100,2018,4,3,0.970392,cpi_rmr462
2019-01-01,129.8,final,2002=100,2019,1,3,0.978121,cpi_rmr462
2019-02-01,130.9,final,2002=100,2019,1,3,0.978121,cpi_rmr462
2019-03-01,131.6,final,2002=100,2019,1,3,0.978121,cpi_rmr462
2019-04-01,131.9,final,2002=100,2019,2,3,0.990089,cpi_rmr462
2019-05-01,132.8,final,2002=100,2019,2,3,0.990089,cpi_rmr462
2019-06-01,132.4,final,2002=100,2019,2,3,0.990089,cpi_rmr462
2019-07-01,133.2,final,2002=100,2019,3,3,0.996322,cpi_rmr462
2019-08-01,133.2,final,2002=100,2019,3,3,0.996322,cpi_rmr462
2019-09-01,133.2,final,2002=100,2019,3,3,0.996322,cpi_rmr462
2019-10-01,133.5,final,2002=100,2019,4,3,0.997569,cpi_rmr462
2019-11-01,133.3,final,2002=100,2019,4,3,0.997569,cpi_rmr462
2019-12-01,133.3,final,2002=100,2019,4,3,0.997569,cpi_rmr462
2020-01-01,133.3,final,2002=100,2020,1,3,0.999065,cpi_rmr462
2020-02-01,133.9,final,2002=100,2020,1,3,0.999065,cpi_rmr462
2020-03-01,133.5,final,2002=100,2020,1,3,0.999065,cpi_rmr462
2020-04-01,132.9,final,2002=100,2020,2,3,0.995574,cpi_rmr462
2020-05-01,132.8,final,2002=100,2020,2,3,0.995574,cpi_rmr462
2020-06-01,133.6,final,2002=100,2020,2,3,0.995574,cpi_rmr462
2020-07-01,133.6,final,2002=100,2020,3,3,0.999065,cpi_rmr462
2020-08-01,133.7,final,2002=100,2020,3,3,0.999065,cpi_rmr462
2020-09-01,133.4,final,2002=100,2020,3,3,0.999065,cpi_rmr462
2020-10-01,134.3,final,2002=100,2020,4,3,1.006296,cpi_rmr462
2020-11-01,134.7,final,2002=100,2020,4,3,1.006296,cpi_rmr462
2020-12-01,134.6,final,2002=100,2020,4,3,1.006296,cpi_rmr462
2021-01-01,135.3,final,2002=100,2021,1,3,1.016019,cpi_rmr462
2021-02-01,136.1,final,2002=100,2021,1,3,1.016019,cpi_rmr462
2021-03-01,136.1,final,2002=100,2021,1,3,1.016019,cpi_rmr462
2021-04-01,136.8,final,2002=100,2021,2,3,1.031727,cpi_rmr462
2021-05-01,138.3,final,2002=100,2021,2,3,1.031727,cpi_rmr462
2021-06-01,138.7,final,2002=100,2021,2,3,1.031727,cpi_rmr462
2021-07-01,139.2,final,2002=100,2021,3,3,1.044692,cpi_rmr462
2021-08-01,139.6,final,2002=100,2021,3,3,1.044692,cpi_rmr462
2021-09-01,140.2,final,2002=100,2021,3,3,1.044692,cpi_rmr462
2021-10-01,141.1,final,2002=100,2021,4,3,1.056660,cpi_rmr462
2021-11-01,141.4,final,2002=100,2021,4,3,1.056660,cpi_rmr462
2021-12-01,141.3,final,2002=100,2021,4,3,1.056660,cpi_rmr462
2022-01-01,142.1,final,2002=100,2022,1,3,1.073365,cpi_rmr462
2022-02-01,143.4,final,2002=100,2022,1,3,1.073365,cpi_rmr462
2022-03-01,145.0,final,2002=100,2022,1,3,1.073365,cpi_rmr462
2022-04-01,146.0,final,2002=100,2022,2,3,1.105030,cpi_rmr462
2022-05-01,147.9,final,2002=100,2022,2,3,1.105030,cpi_rmr462
2022-06-01,149.3,final,2002=100,2022,2,3,1.105030,cpi_rmr462
2022-07-01,149.3,final,2002=100,2022,3,3,1.118494,cpi_rmr462
2022-08-01,149.6,final,2002=100,2022,3,3,1.118494,cpi_rmr462
2022-09-01,149.7,final,2002=100,2022,3,3,1.118494,cpi_rmr462
2022-10-01,150.6,final,2002=100,2022,4,3,1.128966,cpi_rmr462
2022-11-01,151.4,final,2002=100,2022,4,3,1.128966,cpi_rmr462
2022-12-01,150.8,final,2002=100,2022,4,3,1.128966,cpi_rmr462
2023-01-01,151.5,final,2002=100,2023,1,3,1.138939,cpi_rmr462
2023-02-01,152.4,final,2002=100,2023,1,3,1.138939,cpi_rmr462
2023-03-01,152.9,final,2002=100,2023,1,3,1.138939,cpi_rmr462
2023-04-01,154.4,final,2002=100,2023,2,3,1.162127,cpi_rmr462
2023-05-01,155.5,final,2002=100,2023,2,3,1.162127,cpi_rmr462
2023-06-01,156.2,final,2002=100,2023,2,3,1.162127,cpi_rmr462
2023-07-01,156.4,final,2002=100,2023,3,3,1.174344,cpi_rmr462
2023-08-01,157.4,final,2002=100,2023,3,3,1.174344,cpi_rmr462
2023-09-01,157.2,final,2002=100,2023,3,3,1.174344,cpi_rmr462
2023-10-01,157.5,final,2002=100,2023,4,3,1.177585,cpi_rmr462
2023-11-01,157.6,final,2002=100,2023,4,3,1.177585,cpi_rmr462
2023-12-01,157.2,final,2002=100,2023,4,3,1.177585,cpi_rmr462
2024-01-01,156.8,final,2002=100,2024,1,3,1.180827,cpi_rmr462
2024-02-01,157.6,final,2002=100,2024,1,3,1.180827,cpi_rmr462
2024-03-01,159.2,final,2002=100,2024,1,3,1.180827,cpi_rmr462
2024-04-01,159.2,final,2002=100,2024,2,3,1.196285,cpi_rmr462
2024-05-01,160.5,final,2002=100,2024,2,3,1.196285,cpi_rmr462
2024-06-01,160.1,final,2002=100,2024,2,3,1.196285,cpi_rmr462
2024-07-01,160.4,final,2002=100,2024,3,3,1.198778,cpi_rmr462
2024-08-01,160.3,final,2002=100,2024,3,3,1.198778,cpi_rmr462
2024-09-01,160.1,final,2002=100,2024,3,3,1.198778,cpi_rmr462
2024-10-01,160.7,final,2002=100,2024,4,3,1.201022,cpi_rmr462
2024-11-01,160.6,final,2002=100,2024,4,3,1.201022,cpi_rmr462
2024-12-01,160.4,final,2002=100,2024,4,3,1.201022,cpi_rmr462
2025-01-01,160.2,final,2002=100,2025,1,3,1.206757,cpi_rmr462
2025-02-01,161.3,final,2002=100,2025,1,3,1.206757,cpi_rmr462
2025-03-01,162.5,final,2002=100,2025,1,3,1.206757,cpi_rmr462
2025-04-01,163.2,final,2002=100,2025,2,3,1.223462,cpi_rmr462
2025-05-01,163.7,final,2002=100,2025,2,3,1.223462,cpi_rmr462
2025-06-01,163.8,final,2002=100,2025,2,3,1.223462,cpi_rmr462
2025-07-01,164.4,final,2002=100,2025,3,3,1.233684,cpi_rmr462
2025-08-01,164.8,final,2002=100,2025,3,3,1.233684,cpi_rmr462
2025-09-01,165.6,final,2002=100,2025,3,3,1.233684,cpi_rmr462
2025-10-01,166.0,final,2002=100,2025,4,3,1.239668,cpi_rmr462
2025-11-01,165.5,final,2002=100,2025,4,3,1.239668,cpi_rmr462
2025-12-01,165.7,final,2002=100,2025,4,3,1.239668,cpi_rmr462
2026-01-01,165.3,final,2002=100,2026,1,3,1.242660,cpi_rmr462
2026-02-01,166.1,final,2002=100,2026,1,3,1.242660,cpi_rmr462
2026-03-01,167.0,final,2002=100,2026,1,3,1.242660,cpi_rmr462
2026-04-01,167.8,final,2002=100,2026,2,3,1.261609,cpi_rmr462
2026-05-01,169.3,final,2002=100,2026,2,3,1.261609,cpi_rmr462
2026-06-01,168.9,final,2002=100,2026,2,3,1.261609,cpi_rmr462
2026-07-01,169.9,final,2002=100,2026,3,1,,not_indexed
